<?xml version="1.0" encoding="UTF-8"?>
<Readme>
  <Standard>
    <TempCode>HKZL_NB</TempCode>
    <TempName>宁波银行资产管理业务划款指令</TempName>
    <TempVersion>V4.0.0.0.1</TempVersion>
    <TempType>TEMP_ZL</TempType>
    <TempSecurity></TempSecurity>
    <TempDesc>宁波银行资产管理业务划款指令</TempDesc>
    <InsName>宁波银行资产管理业务划款指令${ordNum}.xml</InsName>
  <InsSuff>doc</InsSuff>
  </Standard>
  <ServerMode mode="Sql">
  <SqlConfig>
  <SqlCode>SQL_ZL</SqlCode>
  <SqlName>指令信息抓取</SqlName>
  <Sql>
  SELECT 
  a.C_IDEN, 
  nvl(c.C_PORT_NAME_ST,' ') as FUNDNAME, 
  to_char(sysdate,'yyyy') as year,
  a.C_IDEN as ordNum, 
  date2Str(a.D_ORD) as ordDate,
  to_char(a.d_pay,'yyyy-MM-dd') as payDate, 
  a.c_pay_time as payTime,  
  to_char(a.d_sett,'yyyy-MM-dd')  as settDate, 
  a.c_sett_time as settTime, 
  nvl(a.C_OPEN_ACC_NAME_I,' ') as openAccNameI, 
  nvl(a.C_OPEN_ADDR_I,' ') as openAddrI, 
  nvl(a.C_OPEN_ACC_NO_I,' ') as openAccI, 
  nvl(a.C_OPEN_ACC_NAME,' ') as openAccName, 
  nvl(a.C_OPEN_ADDR,' ') as openBank, 
  nvl(a.C_OPEN_ACC_NO,' ') as openAccNo, 
  dealnum(a.N_ORD_MONEY) as ordMoney, 
  money2chinese(a.N_ORD_MONEY) as ordMoneyUpper, 
  nvl(a.C_USAGE,' ') as usage, 
  nvl(a.C_DV_INVEST_CLS,' ') as investCls, 
  nvl(a.C_DESC,' ') as ordDesc, 
  b.c_img_path as orgLogo,
  decode(a.C_PAY_TYPE,'ZHZLLX_ZF',d.c_img_path,'') as cancelLogo,
  ' ' as createBy, 
  ' ' as updateBy, 
  ' ' as checkBy,
  e.c_img_path as createLogo, 
  f.c_img_path as reviewLogo, 
  g.c_img_path as checkLogo
  FROM T_C_CM_MGR a 
  left join (select * from t_c_cp_seal where  c_dv_seal = 'comSeal' and rownum = 1) b on  1 = 1
  left join (select C_PORT_CODE,C_PORT_NAME_ST from t_p_ab_port) c on c.C_PORT_CODE = a.C_PORT_CODE
  left join (select * from t_c_cp_seal where  c_dv_seal = 'cancelSeal' and rownum = 1) d on d.c_dv_seal = 'cancelSeal'
  left join (select distinct c_seal_man,min(c_img_path) as c_img_path from t_c_cp_seal where c_dv_seal = 'peosignature' group by c_seal_man) e on e.c_seal_man = A.C_CREATE_BY
  left join (select distinct c_seal_man,min(c_img_path) as c_img_path from t_c_cp_seal where c_dv_seal = 'peosignature' group by c_seal_man) f on  f.c_seal_man = A.C_REVIEW_BY 
  left join (select distinct c_seal_man,min(c_img_path) as c_img_path from t_c_cp_seal where c_dv_seal = 'peosignature' group by c_seal_man) g on g.c_seal_man = A.C_CHECK_BY
  WHERE a.C_IDEN in(select * from table(?))
  </Sql>
  </SqlConfig>
  </ServerMode>
  <ElemConfig>
  <Element ElemCode="FUNDNAME" ElemName="基金名称" ElemType="ELEM_SERVER"/>
  <Element ElemCode="year" ElemName="年份" ElemType="ELEM_SERVER"/>
  <Element ElemCode="ordNum" ElemName="编号" ElemType="ELEM_SERVER"/>
  <Element ElemCode="ordDate" ElemName="日期" ElemType="ELEM_SERVER"/>
  <Element ElemCode="payDate" ElemName="划款日期" ElemType="ELEM_SERVER"/>
  <Element ElemCode="payTime" ElemName="划款时间" ElemType="ELEM_SERVER"/>
  <Element ElemCode="settDate" ElemName="到帐日期" ElemType="ELEM_SERVER"/>
  <Element ElemCode="settTime" ElemName="到帐时间" ElemType="ELEM_SERVER"/>
  <Element ElemCode="openAccNameI" ElemName="付款人名称" ElemType="ELEM_SERVER"/>
  <Element ElemCode="openAddrI" ElemName="付款银行" ElemType="ELEM_SERVER"/>
  <Element ElemCode="openAccI" ElemName="付款银行帐号" ElemType="ELEM_SERVER"/>
  <Element ElemCode="openAccName" ElemName="收款人名称" ElemType="ELEM_SERVER"/>
  <Element ElemCode="openBank" ElemName="开户行" ElemType="ELEM_SERVER"/>
  <Element ElemCode="openAccNo" ElemName="收款方帐号" ElemType="ELEM_SERVER"/>
  <Element ElemCode="ordMoney" ElemName="划款金额(小写)" ElemType="ELEM_SERVER"/>
  <Element ElemCode="ordMoneyUpper" ElemName="划款金额(大写)" ElemType="ELEM_SERVER"/>
  <Element ElemCode="usage" ElemName="划款用途" ElemType="ELEM_SERVER"/>
  <Element ElemCode="ordDesc" ElemName="备注" ElemType="ELEM_SERVER"/>
  <Element ElemCode="orgLogo" ElemName="管理人签章" ElemType="ELEM_SERVER"/>
 <Element ElemCode="cancelLogo" ElemName="撤销章" ElemType="ELEM_SERVER"/>
  <Element ElemCode="checkBy" ElemName="审批人" ElemType="ELEM_SERVER"/>
  <Element ElemCode="updateBy" ElemName="复核人" ElemType="ELEM_SERVER"/>
  <Element ElemCode="createBy" ElemName="经办人" ElemType="ELEM_SERVER"/>
 <Element ElemCode="checkLogo" ElemName="审批人" ElemType="ELEM_SERVER"/>
  <Element ElemCode="reviewLogo" ElemName="复核人" ElemType="ELEM_SERVER"/>
  <Element ElemCode="createLogo" ElemName="经办人" ElemType="ELEM_SERVER"/>
  </ElemConfig>
</Readme>