<?xml version="1.0" encoding="UTF-8" standalone="yes"?>
<?mso-application progid="Word.Document"?>
<w:wordDocument xmlns:aml="http://schemas.microsoft.com/aml/2001/core" xmlns:dt="uuid:C2F41010-65B3-11d1-A29F-00AA00C14882" xmlns:ve="http://schemas.openxmlformats.org/markup-compatibility/2006" xmlns:o="urn:schemas-microsoft-com:office:office" xmlns:v="urn:schemas-microsoft-com:vml" xmlns:w10="urn:schemas-microsoft-com:office:word" xmlns:w="http://schemas.microsoft.com/office/word/2003/wordml" xmlns:wx="http://schemas.microsoft.com/office/word/2003/auxHint" xmlns:wsp="http://schemas.microsoft.com/office/word/2003/wordml/sp2" xmlns:sl="http://schemas.microsoft.com/schemaLibrary/2003/core" w:macrosPresent="no" w:embeddedObjPresent="no" w:ocxPresent="no" xml:space="preserve"><w:ignoreSubtree w:val="http://schemas.microsoft.com/office/word/2003/wordml/sp2"/><o:DocumentProperties><o:Title>附件3</o:Title><o:Author>abc</o:Author><o:LastAuthor>yu</o:LastAuthor><o:Revision>2</o:Revision><o:TotalTime>0</o:TotalTime><o:LastPrinted>2014-07-02T09:46:00Z</o:LastPrinted><o:Created>2015-01-14T06:12:00Z</o:Created><o:LastSaved>2015-01-14T06:12:00Z</o:LastSaved><o:Pages>1</o:Pages><o:Words>64</o:Words><o:Characters>371</o:Characters><o:Company>Lenovo</o:Company><o:Lines>3</o:Lines><o:Paragraphs>1</o:Paragraphs><o:CharactersWithSpaces>434</o:CharactersWithSpaces><o:Version>12</o:Version></o:DocumentProperties><o:CustomDocumentProperties><o:KSOProductBuildVer dt:dt="string">2052-9.1.0.4867</o:KSOProductBuildVer></o:CustomDocumentProperties><w:fonts><w:defaultFonts w:ascii="Times New Roman" w:fareast="宋体" w:h-ansi="Times New Roman" w:cs="Times New Roman"/><w:font w:name="Times New Roman"><w:panose-1 w:val="02020603050405020304"/><w:charset w:val="00"/><w:family w:val="Roman"/><w:pitch w:val="variable"/><w:sig w:usb-0="E0002AFF" w:usb-1="C0007841" w:usb-2="00000009" w:usb-3="00000000" w:csb-0="000001FF" w:csb-1="00000000"/></w:font><w:font w:name="Arial"><w:panose-1 w:val="020B0604020202020204"/><w:charset w:val="00"/><w:family w:val="Swiss"/><w:pitch w:val="variable"/><w:sig w:usb-0="E0002AFF" w:usb-1="C0007843" w:usb-2="00000009" w:usb-3="00000000" w:csb-0="000001FF" w:csb-1="00000000"/></w:font><w:font w:name="宋体"><w:altName w:val="SimSun"/><w:panose-1 w:val="02010600030101010101"/><w:charset w:val="86"/><w:family w:val="auto"/><w:pitch w:val="variable"/><w:sig w:usb-0="00000003" w:usb-1="288F0000" w:usb-2="00000016" w:usb-3="00000000" w:csb-0="00040001" w:csb-1="00000000"/></w:font><w:font w:name="黑体"><w:altName w:val="SimHei"/><w:panose-1 w:val="02010609060101010101"/><w:charset w:val="86"/><w:family w:val="Modern"/><w:pitch w:val="fixed"/><w:sig w:usb-0="800002BF" w:usb-1="38CF7CFA" w:usb-2="00000016" w:usb-3="00000000" w:csb-0="00040001" w:csb-1="00000000"/></w:font><w:font w:name="Cambria Math"><w:panose-1 w:val="02040503050406030204"/><w:charset w:val="00"/><w:family w:val="Roman"/><w:pitch w:val="variable"/><w:sig w:usb-0="E00002FF" w:usb-1="420024FF" w:usb-2="00000000" w:usb-3="00000000" w:csb-0="0000019F" w:csb-1="00000000"/></w:font><w:font w:name="@宋体"><w:panose-1 w:val="02010600030101010101"/><w:charset w:val="86"/><w:family w:val="auto"/><w:pitch w:val="variable"/><w:sig w:usb-0="00000003" w:usb-1="288F0000" w:usb-2="00000016" w:usb-3="00000000" w:csb-0="00040001" w:csb-1="00000000"/></w:font><w:font w:name="@黑体"><w:panose-1 w:val="02010609060101010101"/><w:charset w:val="86"/><w:family w:val="Modern"/><w:pitch w:val="fixed"/><w:sig w:usb-0="800002BF" w:usb-1="38CF7CFA" w:usb-2="00000016" w:usb-3="00000000" w:csb-0="00040001" w:csb-1="00000000"/></w:font></w:fonts><w:styles><w:versionOfBuiltInStylenames w:val="7"/><w:latentStyles w:defLockedState="off" w:latentStyleCount="267"><w:lsdException w:name="Normal"/><w:lsdException w:name="heading 1"/><w:lsdException w:name="heading 2"/><w:lsdException w:name="heading 3"/><w:lsdException w:name="heading 4"/><w:lsdException w:name="heading 5"/><w:lsdException w:name="heading 6"/><w:lsdException w:name="heading 7"/><w:lsdException w:name="heading 8"/><w:lsdException w:name="heading 9"/><w:lsdException w:name="caption"/><w:lsdException w:name="Title"/><w:lsdException w:name="Subtitle"/><w:lsdException w:name="Strong"/><w:lsdException w:name="Emphasis"/><w:lsdException w:name="No Spacing"/><w:lsdException w:name="List Paragraph"/><w:lsdException w:name="Quote"/><w:lsdException w:name="Intense Quote"/><w:lsdException w:name="Subtle Emphasis"/><w:lsdException w:name="Intense Emphasis"/><w:lsdException w:name="Subtle Reference"/><w:lsdException w:name="Intense Reference"/><w:lsdException w:name="Book Title"/><w:lsdException w:name="TOC Heading"/></w:latentStyles><w:style w:type="paragraph" w:default="on" w:styleId="a"><w:name w:val="Normal"/><wx:uiName wx:val="正文"/><w:rsid w:val="006B1AFE"/><w:pPr><w:widowControl w:val="off"/><w:jc w:val="both"/></w:pPr><w:rPr><wx:font wx:val="Times New Roman"/><w:kern w:val="2"/><w:sz w:val="21"/><w:lang w:val="EN-US" w:fareast="ZH-CN" w:bidi="AR-SA"/></w:rPr></w:style><w:style w:type="paragraph" w:styleId="2"><w:name w:val="heading 2"/><wx:uiName wx:val="标题 2"/><w:basedOn w:val="a"/><w:next w:val="a"/><w:rsid w:val="006B1AFE"/><w:pPr><w:keepNext/><w:keepLines/><w:spacing w:before="260" w:after="260" w:line="415" w:line-rule="auto"/><w:outlineLvl w:val="1"/></w:pPr><w:rPr><w:rFonts w:ascii="Arial" w:fareast="黑体" w:h-ansi="Arial"/><wx:font wx:val="Arial"/><w:b/><w:b-cs/><w:sz w:val="32"/><w:sz-cs w:val="32"/></w:rPr></w:style><w:style w:type="character" w:default="on" w:styleId="a0"><w:name w:val="Default Paragraph Font"/><wx:uiName wx:val="默认段落字体"/></w:style><w:style w:type="table" w:default="on" w:styleId="a1"><w:name w:val="Normal Table"/><wx:uiName wx:val="普通表格"/><w:rPr><wx:font wx:val="Times New Roman"/><w:lang w:val="EN-US" w:fareast="ZH-CN" w:bidi="AR-SA"/></w:rPr><w:tblPr><w:tblInd w:w="0" w:type="dxa"/><w:tblCellMar><w:top w:w="0" w:type="dxa"/><w:left w:w="108" w:type="dxa"/><w:bottom w:w="0" w:type="dxa"/><w:right w:w="108" w:type="dxa"/></w:tblCellMar></w:tblPr></w:style><w:style w:type="list" w:default="on" w:styleId="a2"><w:name w:val="No List"/><wx:uiName wx:val="无列表"/></w:style><w:style w:type="character" w:styleId="Char"><w:name w:val="批注框文本 Char"/><w:link w:val="a3"/><w:rsid w:val="006B1AFE"/><w:rPr><w:kern w:val="2"/><w:sz w:val="18"/><w:sz-cs w:val="18"/></w:rPr></w:style><w:style w:type="paragraph" w:styleId="a3"><w:name w:val="Balloon Text"/><wx:uiName wx:val="批注框文本"/><w:basedOn w:val="a"/><w:link w:val="Char"/><w:rsid w:val="006B1AFE"/><w:rPr><wx:font wx:val="Times New Roman"/><w:sz w:val="18"/><w:sz-cs w:val="18"/><w:lang/></w:rPr></w:style><w:style w:type="paragraph" w:styleId="a4"><w:name w:val="header"/><wx:uiName wx:val="页眉"/><w:basedOn w:val="a"/><w:rsid w:val="006B1AFE"/><w:pPr><w:pBdr><w:top w:val="none" w:sz="0" wx:bdrwidth="0" w:space="1" w:color="auto"/><w:left w:val="none" w:sz="0" wx:bdrwidth="0" w:space="4" w:color="auto"/><w:bottom w:val="none" w:sz="0" wx:bdrwidth="0" w:space="1" w:color="auto"/><w:right w:val="none" w:sz="0" wx:bdrwidth="0" w:space="4" w:color="auto"/></w:pBdr><w:tabs><w:tab w:val="center" w:pos="4153"/><w:tab w:val="right" w:pos="8306"/></w:tabs><w:snapToGrid w:val="off"/></w:pPr><w:rPr><wx:font wx:val="Times New Roman"/><w:sz w:val="18"/></w:rPr></w:style><w:style w:type="paragraph" w:styleId="a5"><w:name w:val="footer"/><wx:uiName wx:val="页脚"/><w:basedOn w:val="a"/><w:rsid w:val="006B1AFE"/><w:pPr><w:tabs><w:tab w:val="center" w:pos="4153"/><w:tab w:val="right" w:pos="8306"/></w:tabs><w:snapToGrid w:val="off"/><w:jc w:val="left"/></w:pPr><w:rPr><wx:font wx:val="Times New Roman"/><w:sz w:val="18"/></w:rPr></w:style><w:style w:type="table" w:styleId="a6"><w:name w:val="Table Grid"/><wx:uiName wx:val="网格型"/><w:basedOn w:val="a1"/><w:rsid w:val="006B1AFE"/><w:rPr><wx:font wx:val="Times New Roman"/></w:rPr><w:tblPr><w:tblInd w:w="0" w:type="dxa"/><w:tblBorders><w:top w:val="single" w:sz="4" wx:bdrwidth="10" w:space="0" w:color="auto"/><w:left w:val="single" w:sz="4" wx:bdrwidth="10" w:space="0" w:color="auto"/><w:bottom w:val="single" w:sz="4" wx:bdrwidth="10" w:space="0" w:color="auto"/><w:right w:val="single" w:sz="4" wx:bdrwidth="10" w:space="0" w:color="auto"/><w:insideH w:val="single" w:sz="4" wx:bdrwidth="10" w:space="0" w:color="auto"/><w:insideV w:val="single" w:sz="4" wx:bdrwidth="10" w:space="0" w:color="auto"/></w:tblBorders><w:tblCellMar><w:top w:w="0" w:type="dxa"/><w:left w:w="108" w:type="dxa"/><w:bottom w:w="0" w:type="dxa"/><w:right w:w="108" w:type="dxa"/></w:tblCellMar></w:tblPr></w:style></w:styles><w:shapeDefaults><o:shapedefaults v:ext="edit" spidmax="5122" fillcolor="#9cbee0" strokecolor="#739cc3"><v:fill color="#9cbee0" color2="#bbd5f0" type="gradient"><o:fill v:ext="view" type="gradientUnscaled"/></v:fill><v:stroke color="#739cc3" weight="1.25pt"/></o:shapedefaults><o:shapelayout v:ext="edit"><o:idmap v:ext="edit" data="1"/></o:shapelayout></w:shapeDefaults><w:bgPict><w:background w:bgcolor="white"/></w:bgPict><w:docPr><w:view w:val="print"/><w:zoom w:percent="100"/><w:doNotEmbedSystemFonts/><w:bordersDontSurroundHeader/><w:bordersDontSurroundFooter/><w:proofState w:spelling="clean"/><w:stylePaneFormatFilter w:val="3F01"/><w:defaultTabStop w:val="420"/><w:drawingGridHorizontalSpacing w:val="0"/><w:drawingGridVerticalSpacing w:val="156"/><w:displayHorizontalDrawingGridEvery w:val="0"/><w:displayVerticalDrawingGridEvery w:val="2"/><w:punctuationKerning/><w:characterSpacingControl w:val="CompressPunctuation"/><w:webPageEncoding w:val="x-cp20936"/><w:optimizeForBrowser/><w:validateAgainstSchema w:val="off"/><w:saveInvalidXML w:val="off"/><w:ignoreMixedContent w:val="off"/><w:alwaysShowPlaceholderText w:val="off"/><w:doNotUnderlineInvalidXML/><w:hdrShapeDefaults><o:shapedefaults v:ext="edit" spidmax="5122" fillcolor="#9cbee0" strokecolor="#739cc3"><v:fill color="#9cbee0" color2="#bbd5f0" type="gradient"><o:fill v:ext="view" type="gradientUnscaled"/></v:fill><v:stroke color="#739cc3" weight="1.25pt"/></o:shapedefaults></w:hdrShapeDefaults><w:footnotePr><w:footnote w:type="separator"><w:p wsp:rsidR="006B2F32" wsp:rsidRDefault="006B2F32" wsp:rsidP="00CD5E31"><w:r><w:separator/></w:r></w:p></w:footnote><w:footnote w:type="continuation-separator"><w:p wsp:rsidR="006B2F32" wsp:rsidRDefault="006B2F32" wsp:rsidP="00CD5E31"><w:r><w:continuationSeparator/></w:r></w:p></w:footnote></w:footnotePr><w:endnotePr><w:endnote w:type="separator"><w:p wsp:rsidR="006B2F32" wsp:rsidRDefault="006B2F32" wsp:rsidP="00CD5E31"><w:r><w:separator/></w:r></w:p></w:endnote><w:endnote w:type="continuation-separator"><w:p wsp:rsidR="006B2F32" wsp:rsidRDefault="006B2F32" wsp:rsidP="00CD5E31"><w:r><w:continuationSeparator/></w:r></w:p></w:endnote></w:endnotePr><w:compat><w:spaceForUL/><w:balanceSingleByteDoubleByteWidth/><w:doNotLeaveBackslashAlone/><w:ulTrailSpace/><w:doNotExpandShiftReturn/><w:adjustLineHeightInTable/><w:breakWrappedTables/><w:snapToGridInCell/><w:wrapTextWithPunct/><w:useAsianBreakRules/><w:dontGrowAutofit/><w:useFELayout/></w:compat><wsp:rsids><wsp:rsidRoot wsp:val="00172A27"/><wsp:rsid wsp:val="000436CF"/><wsp:rsid wsp:val="000B7212"/><wsp:rsid wsp:val="000E1048"/><wsp:rsid wsp:val="000E3867"/><wsp:rsid wsp:val="00121E61"/><wsp:rsid wsp:val="00133444"/><wsp:rsid wsp:val="00150379"/><wsp:rsid wsp:val="00155818"/><wsp:rsid wsp:val="00172A27"/><wsp:rsid wsp:val="001C605F"/><wsp:rsid wsp:val="001C73A7"/><wsp:rsid wsp:val="001D3BB8"/><wsp:rsid wsp:val="001F3E8C"/><wsp:rsid wsp:val="002843A8"/><wsp:rsid wsp:val="00296141"/><wsp:rsid wsp:val="002F3AA1"/><wsp:rsid wsp:val="002F66C8"/><wsp:rsid wsp:val="0033539B"/><wsp:rsid wsp:val="003850CB"/><wsp:rsid wsp:val="00395298"/><wsp:rsid wsp:val="004723CE"/><wsp:rsid wsp:val="00504552"/><wsp:rsid wsp:val="005207C0"/><wsp:rsid wsp:val="00535234"/><wsp:rsid wsp:val="005353A7"/><wsp:rsid wsp:val="0058117F"/><wsp:rsid wsp:val="005B2BD9"/><wsp:rsid wsp:val="005E3976"/><wsp:rsid wsp:val="00606C9C"/><wsp:rsid wsp:val="006A621A"/><wsp:rsid wsp:val="006B1AFE"/><wsp:rsid wsp:val="006B2F32"/><wsp:rsid wsp:val="007008E6"/><wsp:rsid wsp:val="00717281"/><wsp:rsid wsp:val="007355FD"/><wsp:rsid wsp:val="00754BED"/><wsp:rsid wsp:val="007B0354"/><wsp:rsid wsp:val="007B50BE"/><wsp:rsid wsp:val="007F65B8"/><wsp:rsid wsp:val="008322B5"/><wsp:rsid wsp:val="008A580C"/><wsp:rsid wsp:val="008D263B"/><wsp:rsid wsp:val="00940B73"/><wsp:rsid wsp:val="00943F1B"/><wsp:rsid wsp:val="00970934"/><wsp:rsid wsp:val="009C6C61"/><wsp:rsid wsp:val="00A10AEC"/><wsp:rsid wsp:val="00A27AEC"/><wsp:rsid wsp:val="00A3710E"/><wsp:rsid wsp:val="00AA5A7C"/><wsp:rsid wsp:val="00AC098E"/><wsp:rsid wsp:val="00B460A2"/><wsp:rsid wsp:val="00BC1F7A"/><wsp:rsid wsp:val="00C2305C"/><wsp:rsid wsp:val="00C30859"/><wsp:rsid wsp:val="00C6430F"/><wsp:rsid wsp:val="00CD3B29"/><wsp:rsid wsp:val="00CD5E31"/><wsp:rsid wsp:val="00DD7CC9"/><wsp:rsid wsp:val="00DE1752"/><wsp:rsid wsp:val="00E3594A"/><wsp:rsid wsp:val="00E628BD"/><wsp:rsid wsp:val="00E81295"/><wsp:rsid wsp:val="00EE35B6"/><wsp:rsid wsp:val="00F074D0"/><wsp:rsid wsp:val="07736C45"/><wsp:rsid wsp:val="5FAA21EF"/><wsp:rsid wsp:val="7B197C05"/></wsp:rsids></w:docPr><w:body><w:p wsp:rsidR="006B1AFE" wsp:rsidRDefault="006B1AFE"><w:pPr><w:jc w:val="center"/><w:rPr><w:rFonts w:ascii="宋体" w:h-ansi="宋体"/><wx:font wx:val="宋体"/><w:b/><w:sz w:val="28"/><w:sz-cs w:val="28"/></w:rPr></w:pPr><w:r><w:rPr><w:rFonts w:ascii="宋体" w:h-ansi="宋体"/><wx:font wx:val="宋体"/><w:b/><w:sz w:val="28"/><w:sz-cs w:val="28"/></w:rPr><w:pict><v:shapetype id="_x0000_t75" coordsize="21600,21600" o:spt="75" o:preferrelative="t" path="m@4@5l@4@11@9@11@9@5xe" filled="f" stroked="f"><v:stroke joinstyle="miter"/><v:formulas><v:f eqn="if lineDrawn pixelLineWidth 0"/><v:f eqn="sum @0 1 0"/><v:f eqn="sum 0 0 @1"/><v:f eqn="prod @2 1 2"/><v:f eqn="prod @3 21600 pixelWidth"/><v:f eqn="prod @3 21600 pixelHeight"/><v:f eqn="sum @0 0 1"/><v:f eqn="prod @6 1 2"/><v:f eqn="prod @7 21600 pixelWidth"/><v:f eqn="sum @8 21600 0"/><v:f eqn="prod @7 21600 pixelHeight"/><v:f eqn="sum @10 21600 0"/></v:formulas><v:path o:extrusionok="f" gradientshapeok="t" o:connecttype="rect"/><o:lock v:ext="edit" aspectratio="t"/></v:shapetype><w:binData w:name="wordml://03000001.png" xml:space="preserve">${cancelLogo}
</w:binData><v:shape id="图片 2" o:spid="_x0000_s1026" type="#_x0000_t75" style="position:absolute;left:0;text-align:left;margin-left:318.1pt;margin-top:-5.8pt;width:145.5pt;height:85.5pt;z-index:1"><v:imagedata src="wordml://03000001.png" o:title="ysszhang"/></v:shape></w:pict></w:r><w:r wsp:rsidR="000B7212"><w:rPr><w:rFonts w:ascii="宋体" w:h-ansi="宋体" w:hint="fareast"/><wx:font wx:val="宋体"/><w:b/><w:sz w:val="28"/><w:sz-cs w:val="28"/></w:rPr><w:t>新华人寿保险股份有限公司</w:t></w:r></w:p><w:p wsp:rsidR="006B1AFE" wsp:rsidRDefault="000B7212"><w:pPr><w:jc w:val="center"/><w:rPr><w:rFonts w:ascii="宋体" w:h-ansi="宋体"/><wx:font wx:val="宋体"/><w:b/><w:sz w:val="28"/><w:sz-cs w:val="28"/></w:rPr></w:pPr><w:r><w:rPr><w:rFonts w:ascii="宋体" w:h-ansi="宋体" w:hint="fareast"/><wx:font wx:val="宋体"/><w:b/><w:sz w:val="28"/><w:sz-cs w:val="28"/></w:rPr><w:t>新华人寿${FUNDNAME}划款指令书</w:t></w:r></w:p><w:tbl><w:tblPr><w:tblW w:w="0" w:type="auto"/><w:jc w:val="center"/><w:tblBorders><w:top w:val="single" w:sz="4" wx:bdrwidth="10" w:space="0" w:color="auto"/><w:left w:val="single" w:sz="4" wx:bdrwidth="10" w:space="0" w:color="auto"/><w:bottom w:val="single" w:sz="4" wx:bdrwidth="10" w:space="0" w:color="auto"/><w:right w:val="single" w:sz="4" wx:bdrwidth="10" w:space="0" w:color="auto"/><w:insideH w:val="single" w:sz="4" wx:bdrwidth="10" w:space="0" w:color="auto"/><w:insideV w:val="single" w:sz="4" wx:bdrwidth="10" w:space="0" w:color="auto"/></w:tblBorders><w:tblLayout w:type="Fixed"/></w:tblPr><w:tblGrid><w:gridCol w:w="2376"/><w:gridCol w:w="2376"/><w:gridCol w:w="2376"/><w:gridCol w:w="2376"/></w:tblGrid><w:tr wsp:rsidR="006B1AFE" wsp:rsidTr="008A580C"><w:trPr><w:trHeight w:h-rule="exact" w:val="567"/><w:jc w:val="center"/></w:trPr><w:tc><w:tcPr><w:tcW w:w="2376" w:type="dxa"/><w:gridSpan w:val="4"/></w:tcPr><w:p wsp:rsidR="006B1AFE" wsp:rsidRDefault="000B7212"><w:pPr><w:jc w:val="center"/><w:rPr><w:rFonts w:ascii="宋体" w:h-ansi="宋体"/><wx:font wx:val="宋体"/><w:sz w:val="28"/><w:sz-cs w:val="28"/></w:rPr></w:pPr><w:r><w:rPr><w:rFonts w:ascii="宋体" w:h-ansi="宋体" w:hint="fareast"/><wx:font wx:val="宋体"/><w:sz w:val="28"/><w:sz-cs w:val="28"/></w:rPr><w:t>编号：${year}年${ordNum}号</w:t></w:r></w:p></w:tc></w:tr><w:tr wsp:rsidR="006B1AFE" wsp:rsidTr="008A580C"><w:trPr><w:trHeight w:h-rule="exact" w:val="567"/><w:jc w:val="center"/></w:trPr><w:tc><w:tcPr><w:tcW w:w="2376" w:type="dxa"/><w:gridSpan w:val="4"/></w:tcPr><w:p wsp:rsidR="006B1AFE" wsp:rsidRDefault="000B7212"><w:pPr><w:jc w:val="center"/><w:rPr><w:rFonts w:ascii="宋体" w:h-ansi="宋体"/><wx:font wx:val="宋体"/><w:sz w:val="28"/><w:sz-cs w:val="28"/></w:rPr></w:pPr><w:r><w:rPr><w:rFonts w:ascii="宋体" w:h-ansi="宋体" w:cs="宋体" w:hint="fareast"/><wx:font wx:val="宋体"/><w:sz w:val="28"/><w:sz-cs w:val="28"/></w:rPr><w:t>指令日期</w:t></w:r><w:r><w:rPr><w:rFonts w:ascii="宋体" w:h-ansi="宋体" w:hint="fareast"/><wx:font wx:val="宋体"/><w:sz w:val="28"/><w:sz-cs w:val="28"/></w:rPr><w:t>：${ordDate}</w:t></w:r></w:p></w:tc></w:tr><w:tr wsp:rsidR="006B1AFE" wsp:rsidTr="008A580C"><w:trPr><w:trHeight w:h-rule="exact" w:val="567"/><w:jc w:val="center"/></w:trPr><w:tc><w:tcPr><w:tcW w:w="2376" w:type="dxa"/><w:gridSpan w:val="4"/></w:tcPr><w:p wsp:rsidR="006B1AFE" wsp:rsidRDefault="000B7212"><w:pPr><w:rPr><w:rFonts w:ascii="宋体" w:h-ansi="宋体"/><wx:font wx:val="宋体"/><w:sz w:val="28"/><w:sz-cs w:val="28"/></w:rPr></w:pPr><w:r><w:rPr><w:rFonts w:ascii="宋体" w:h-ansi="宋体" w:hint="fareast"/><wx:font wx:val="宋体"/><w:sz w:val="28"/><w:sz-cs w:val="28"/></w:rPr><w:t>中国农业银行托管业务部：</w:t></w:r></w:p></w:tc></w:tr><w:tr wsp:rsidR="006B1AFE" wsp:rsidTr="008A580C"><w:trPr><w:trHeight w:h-rule="exact" w:val="1134"/><w:jc w:val="center"/></w:trPr><w:tc><w:tcPr><w:tcW w:w="2376" w:type="dxa"/><w:gridSpan w:val="4"/></w:tcPr><w:p wsp:rsidR="006B1AFE" wsp:rsidRDefault="000B7212"><w:pPr><w:spacing w:line="14" w:line-rule="auto"/><w:ind w:first-line-chars="200" w:first-line="560"/><w:rPr><w:rFonts w:ascii="宋体" w:h-ansi="宋体"/><wx:font wx:val="宋体"/><w:sz w:val="28"/><w:sz-cs w:val="28"/></w:rPr></w:pPr><w:r><w:rPr><w:rFonts w:ascii="宋体" w:h-ansi="宋体" w:hint="fareast"/><wx:font wx:val="宋体"/><w:sz w:val="28"/><w:sz-cs w:val="28"/></w:rPr><w:t>敬请贵部根据以下提供的收款人名称、开户行、帐号、到帐日期和划款金额划款。</w:t></w:r></w:p></w:tc></w:tr><w:tr wsp:rsidR="006B1AFE" wsp:rsidTr="008A580C"><w:trPr><w:trHeight w:h-rule="exact" w:val="567"/><w:jc w:val="center"/></w:trPr><w:tc><w:tcPr><w:tcW w:w="2376" w:type="dxa"/><w:vAlign w:val="center"/></w:tcPr><w:p wsp:rsidR="006B1AFE" wsp:rsidRDefault="000B7212"><w:pPr><w:jc w:val="center"/><w:rPr><w:rFonts w:ascii="宋体" w:h-ansi="宋体" w:cs="宋体"/><wx:font wx:val="宋体"/><w:sz w:val="28"/><w:sz-cs w:val="28"/></w:rPr></w:pPr><w:r><w:rPr><w:rFonts w:ascii="宋体" w:h-ansi="宋体" w:hint="fareast"/><wx:font wx:val="宋体"/><w:sz w:val="28"/><w:sz-cs w:val="28"/></w:rPr><w:t>划款日期：</w:t></w:r></w:p></w:tc><w:tc><w:tcPr><w:tcW w:w="2376" w:type="dxa"/><w:vAlign w:val="center"/></w:tcPr><w:p wsp:rsidR="006B1AFE" wsp:rsidRDefault="000B7212"><w:pPr><w:jc w:val="center"/><w:rPr><w:rFonts w:ascii="宋体" w:h-ansi="宋体" w:cs="宋体"/><wx:font wx:val="宋体"/><w:sz w:val="28"/><w:sz-cs w:val="28"/></w:rPr></w:pPr><w:r><w:rPr><w:rFonts w:ascii="宋体" w:h-ansi="宋体" w:cs="宋体" w:hint="fareast"/><wx:font wx:val="宋体"/><w:sz w:val="28"/><w:sz-cs w:val="28"/></w:rPr><w:t>${payDate}</w:t></w:r></w:p></w:tc><w:tc><w:tcPr><w:tcW w:w="2376" w:type="dxa"/><w:vAlign w:val="center"/></w:tcPr><w:p wsp:rsidR="006B1AFE" wsp:rsidRDefault="000B7212"><w:pPr><w:jc w:val="center"/><w:rPr><w:rFonts w:ascii="宋体" w:h-ansi="宋体" w:cs="宋体"/><wx:font wx:val="宋体"/><w:sz w:val="28"/><w:sz-cs w:val="28"/></w:rPr></w:pPr><w:r><w:rPr><w:rFonts w:ascii="宋体" w:h-ansi="宋体" w:hint="fareast"/><wx:font wx:val="宋体"/><w:sz w:val="28"/><w:sz-cs w:val="28"/></w:rPr><w:t>指令发送时间：</w:t></w:r></w:p></w:tc><w:tc><w:tcPr><w:tcW w:w="2376" w:type="dxa"/><w:vAlign w:val="center"/></w:tcPr><w:p wsp:rsidR="006B1AFE" wsp:rsidRDefault="000B7212"><w:pPr><w:jc w:val="center"/><w:rPr><w:rFonts w:ascii="宋体" w:h-ansi="宋体" w:cs="宋体"/><wx:font wx:val="宋体"/><w:sz w:val="28"/><w:sz-cs w:val="28"/></w:rPr></w:pPr><w:r><w:rPr><w:rFonts w:ascii="宋体" w:h-ansi="宋体" w:cs="宋体" w:hint="fareast"/><wx:font wx:val="宋体"/><w:sz w:val="28"/><w:sz-cs w:val="28"/></w:rPr><w:t>${payTime}</w:t></w:r></w:p></w:tc></w:tr><w:tr wsp:rsidR="006B1AFE" wsp:rsidTr="008A580C"><w:trPr><w:trHeight w:h-rule="exact" w:val="567"/><w:jc w:val="center"/></w:trPr><w:tc><w:tcPr><w:tcW w:w="2376" w:type="dxa"/><w:vAlign w:val="center"/></w:tcPr><w:p wsp:rsidR="006B1AFE" wsp:rsidRDefault="000B7212"><w:pPr><w:jc w:val="center"/><w:rPr><w:rFonts w:ascii="宋体" w:h-ansi="宋体" w:cs="宋体"/><wx:font wx:val="宋体"/><w:sz w:val="28"/><w:sz-cs w:val="28"/></w:rPr></w:pPr><w:r><w:rPr><w:rFonts w:ascii="宋体" w:h-ansi="宋体" w:hint="fareast"/><wx:font wx:val="宋体"/><w:sz w:val="28"/><w:sz-cs w:val="28"/></w:rPr><w:t>到帐日期：</w:t></w:r></w:p></w:tc><w:tc><w:tcPr><w:tcW w:w="2376" w:type="dxa"/><w:vAlign w:val="center"/></w:tcPr><w:p wsp:rsidR="006B1AFE" wsp:rsidRDefault="000B7212"><w:pPr><w:jc w:val="center"/><w:rPr><w:rFonts w:ascii="宋体" w:h-ansi="宋体" w:cs="宋体"/><wx:font wx:val="宋体"/><w:sz w:val="28"/><w:sz-cs w:val="28"/></w:rPr></w:pPr><w:r><w:rPr><w:rFonts w:ascii="宋体" w:h-ansi="宋体" w:cs="宋体" w:hint="fareast"/><wx:font wx:val="宋体"/><w:sz w:val="28"/><w:sz-cs w:val="28"/></w:rPr><w:t>${settDate}</w:t></w:r></w:p></w:tc><w:tc><w:tcPr><w:tcW w:w="2376" w:type="dxa"/><w:vAlign w:val="center"/></w:tcPr><w:p wsp:rsidR="006B1AFE" wsp:rsidRDefault="000B7212"><w:pPr><w:jc w:val="center"/><w:rPr><w:rFonts w:ascii="宋体" w:h-ansi="宋体" w:cs="宋体"/><wx:font wx:val="宋体"/><w:sz w:val="28"/><w:sz-cs w:val="28"/></w:rPr></w:pPr><w:r><w:rPr><w:rFonts w:ascii="宋体" w:h-ansi="宋体" w:hint="fareast"/><wx:font wx:val="宋体"/><w:sz w:val="28"/><w:sz-cs w:val="28"/></w:rPr><w:t>到帐时间：</w:t></w:r></w:p></w:tc><w:tc><w:tcPr><w:tcW w:w="2376" w:type="dxa"/><w:vAlign w:val="center"/></w:tcPr><w:p wsp:rsidR="006B1AFE" wsp:rsidRDefault="000B7212"><w:pPr><w:jc w:val="center"/><w:rPr><w:rFonts w:ascii="宋体" w:h-ansi="宋体" w:cs="宋体"/><wx:font wx:val="宋体"/><w:sz w:val="28"/><w:sz-cs w:val="28"/></w:rPr></w:pPr><w:r><w:rPr><w:rFonts w:ascii="宋体" w:h-ansi="宋体" w:cs="宋体" w:hint="fareast"/><wx:font wx:val="宋体"/><w:sz w:val="28"/><w:sz-cs w:val="28"/></w:rPr><w:t>${settTime}</w:t></w:r></w:p></w:tc></w:tr><w:tr wsp:rsidR="006B1AFE" wsp:rsidTr="008A580C"><w:trPr><w:trHeight w:h-rule="exact" w:val="567"/><w:jc w:val="center"/></w:trPr><w:tc><w:tcPr><w:tcW w:w="2376" w:type="dxa"/><w:vAlign w:val="center"/></w:tcPr><w:p wsp:rsidR="006B1AFE" wsp:rsidRDefault="000B7212"><w:pPr><w:jc w:val="center"/><w:rPr><w:rFonts w:ascii="宋体" w:h-ansi="宋体" w:cs="宋体"/><wx:font wx:val="宋体"/><w:sz w:val="28"/><w:sz-cs w:val="28"/></w:rPr></w:pPr><w:r><w:rPr><w:rFonts w:ascii="宋体" w:h-ansi="宋体" w:hint="fareast"/><wx:font wx:val="宋体"/><w:sz w:val="28"/><w:sz-cs w:val="28"/></w:rPr><w:t>收款人：</w:t></w:r></w:p></w:tc><w:tc><w:tcPr><w:tcW w:w="2376" w:type="dxa"/><w:gridSpan w:val="3"/><w:vAlign w:val="center"/></w:tcPr><w:p wsp:rsidR="006B1AFE" wsp:rsidRDefault="000B7212"><w:pPr><w:jc w:val="center"/><w:rPr><w:rFonts w:ascii="宋体" w:h-ansi="宋体" w:cs="宋体"/><wx:font wx:val="宋体"/><w:sz w:val="28"/><w:sz-cs w:val="28"/></w:rPr></w:pPr><w:r><w:rPr><w:rFonts w:ascii="宋体" w:h-ansi="宋体" w:cs="宋体" w:hint="fareast"/><wx:font wx:val="宋体"/><w:sz w:val="28"/><w:sz-cs w:val="28"/></w:rPr><w:t>${openAccName}</w:t></w:r></w:p></w:tc></w:tr><w:tr wsp:rsidR="006B1AFE" wsp:rsidTr="008A580C"><w:trPr><w:jc w:val="center"/></w:trPr><w:tc><w:tcPr><w:tcW w:w="2376" w:type="dxa"/><w:vAlign w:val="center"/></w:tcPr><w:p wsp:rsidR="006B1AFE" wsp:rsidRDefault="000B7212"><w:pPr><w:jc w:val="center"/><w:rPr><w:rFonts w:ascii="宋体" w:h-ansi="宋体" w:cs="宋体"/><wx:font wx:val="宋体"/><w:sz w:val="28"/><w:sz-cs w:val="28"/></w:rPr></w:pPr><w:r><w:rPr><w:rFonts w:ascii="宋体" w:h-ansi="宋体" w:hint="fareast"/><wx:font wx:val="宋体"/><w:sz w:val="28"/><w:sz-cs w:val="28"/></w:rPr><w:t>开户行：</w:t></w:r></w:p></w:tc><w:tc><w:tcPr><w:tcW w:w="2376" w:type="dxa"/><w:gridSpan w:val="3"/><w:vAlign w:val="center"/></w:tcPr><w:p wsp:rsidR="006B1AFE" wsp:rsidRDefault="000B7212"><w:pPr><w:jc w:val="center"/><w:rPr><w:rFonts w:ascii="宋体" w:h-ansi="宋体" w:cs="宋体"/><wx:font wx:val="宋体"/><w:sz w:val="28"/><w:sz-cs w:val="28"/></w:rPr></w:pPr><w:r><w:rPr><w:rFonts w:ascii="宋体" w:h-ansi="宋体" w:cs="宋体" w:hint="fareast"/><wx:font wx:val="宋体"/><w:sz w:val="28"/><w:sz-cs w:val="28"/></w:rPr><w:t>${openBank}</w:t></w:r></w:p></w:tc></w:tr><w:tr wsp:rsidR="006B1AFE" wsp:rsidTr="008A580C"><w:trPr><w:jc w:val="center"/></w:trPr><w:tc><w:tcPr><w:tcW w:w="2376" w:type="dxa"/><w:vAlign w:val="center"/></w:tcPr><w:p wsp:rsidR="006B1AFE" wsp:rsidRDefault="000B7212"><w:pPr><w:jc w:val="center"/><w:rPr><w:rFonts w:ascii="宋体" w:h-ansi="宋体" w:cs="宋体"/><wx:font wx:val="宋体"/><w:sz w:val="28"/><w:sz-cs w:val="28"/></w:rPr></w:pPr><w:r><w:rPr><w:rFonts w:ascii="宋体" w:h-ansi="宋体" w:hint="fareast"/><wx:font wx:val="宋体"/><w:sz w:val="28"/><w:sz-cs w:val="28"/></w:rPr><w:t>帐号：</w:t></w:r></w:p></w:tc><w:tc><w:tcPr><w:tcW w:w="2376" w:type="dxa"/><w:gridSpan w:val="3"/><w:vAlign w:val="center"/></w:tcPr><w:p wsp:rsidR="006B1AFE" wsp:rsidRDefault="000B7212"><w:pPr><w:jc w:val="center"/><w:rPr><w:rFonts w:ascii="宋体" w:h-ansi="宋体" w:cs="宋体"/><wx:font wx:val="宋体"/><w:sz w:val="28"/><w:sz-cs w:val="28"/></w:rPr></w:pPr><w:r><w:rPr><w:rFonts w:ascii="宋体" w:h-ansi="宋体" w:cs="宋体" w:hint="fareast"/><wx:font wx:val="宋体"/><w:sz w:val="28"/><w:sz-cs w:val="28"/></w:rPr><w:t>${openAccNo}</w:t></w:r></w:p></w:tc></w:tr><w:tr wsp:rsidR="006B1AFE" wsp:rsidTr="008A580C"><w:trPr><w:trHeight w:val="622"/><w:jc w:val="center"/></w:trPr><w:tc><w:tcPr><w:tcW w:w="2376" w:type="dxa"/><w:vAlign w:val="center"/></w:tcPr><w:p wsp:rsidR="006B1AFE" wsp:rsidRDefault="000B7212"><w:pPr><w:jc w:val="center"/><w:rPr><w:rFonts w:ascii="宋体" w:h-ansi="宋体" w:cs="宋体"/><wx:font wx:val="宋体"/><w:sz w:val="28"/><w:sz-cs w:val="28"/></w:rPr></w:pPr><w:r><w:rPr><w:rFonts w:ascii="宋体" w:h-ansi="宋体" w:hint="fareast"/><wx:font wx:val="宋体"/><w:sz w:val="28"/><w:sz-cs w:val="28"/></w:rPr><w:t>划款金额(小写)：</w:t></w:r></w:p></w:tc><w:tc><w:tcPr><w:tcW w:w="2376" w:type="dxa"/><w:gridSpan w:val="3"/><w:vAlign w:val="center"/></w:tcPr><w:p wsp:rsidR="006B1AFE" wsp:rsidRDefault="000B7212"><w:pPr><w:jc w:val="right"/><w:rPr><w:rFonts w:ascii="宋体" w:h-ansi="宋体" w:cs="宋体"/><wx:font wx:val="宋体"/><w:sz w:val="28"/><w:sz-cs w:val="28"/></w:rPr></w:pPr><w:r><w:rPr><w:rFonts w:ascii="宋体" w:h-ansi="宋体" w:cs="宋体" w:hint="fareast"/><wx:font wx:val="宋体"/><w:sz w:val="28"/><w:sz-cs w:val="28"/></w:rPr><w:t>${ordMoney}</w:t></w:r></w:p></w:tc></w:tr><w:tr wsp:rsidR="006B1AFE" wsp:rsidTr="008A580C"><w:trPr><w:jc w:val="center"/></w:trPr><w:tc><w:tcPr><w:tcW w:w="2376" w:type="dxa"/><w:vAlign w:val="center"/></w:tcPr><w:p wsp:rsidR="006B1AFE" wsp:rsidRDefault="000B7212"><w:pPr><w:jc w:val="center"/><w:rPr><w:rFonts w:ascii="宋体" w:h-ansi="宋体" w:cs="宋体"/><wx:font wx:val="宋体"/><w:sz w:val="28"/><w:sz-cs w:val="28"/></w:rPr></w:pPr><w:r><w:rPr><w:rFonts w:ascii="宋体" w:h-ansi="宋体" w:hint="fareast"/><wx:font wx:val="宋体"/><w:sz w:val="28"/><w:sz-cs w:val="28"/></w:rPr><w:t>划款金额(大写)：</w:t></w:r></w:p></w:tc><w:tc><w:tcPr><w:tcW w:w="2376" w:type="dxa"/><w:gridSpan w:val="3"/><w:vAlign w:val="center"/></w:tcPr><w:p wsp:rsidR="006B1AFE" wsp:rsidRDefault="000B7212"><w:pPr><w:jc w:val="right"/><w:rPr><w:rFonts w:ascii="宋体" w:h-ansi="宋体" w:cs="宋体"/><wx:font wx:val="宋体"/><w:sz w:val="28"/><w:sz-cs w:val="28"/></w:rPr></w:pPr><w:r><w:rPr><w:rFonts w:ascii="宋体" w:h-ansi="宋体" w:cs="宋体" w:hint="fareast"/><wx:font wx:val="宋体"/><w:sz w:val="28"/><w:sz-cs w:val="28"/></w:rPr><w:t>${ordMoneyUpper}</w:t></w:r></w:p></w:tc></w:tr><w:tr wsp:rsidR="006B1AFE" wsp:rsidTr="008A580C"><w:trPr><w:jc w:val="center"/></w:trPr><w:tc><w:tcPr><w:tcW w:w="2376" w:type="dxa"/><w:vAlign w:val="center"/></w:tcPr><w:p wsp:rsidR="006B1AFE" wsp:rsidRDefault="000B7212"><w:pPr><w:jc w:val="center"/><w:rPr><w:rFonts w:ascii="宋体" w:h-ansi="宋体" w:cs="宋体"/><wx:font wx:val="宋体"/><w:sz w:val="28"/><w:sz-cs w:val="28"/></w:rPr></w:pPr><w:r><w:rPr><w:rFonts w:ascii="宋体" w:h-ansi="宋体" w:hint="fareast"/><wx:font wx:val="宋体"/><w:sz w:val="28"/><w:sz-cs w:val="28"/></w:rPr><w:t>划款用途：</w:t></w:r></w:p></w:tc><w:tc><w:tcPr><w:tcW w:w="2376" w:type="dxa"/><w:gridSpan w:val="3"/><w:vAlign w:val="center"/></w:tcPr><w:p wsp:rsidR="006B1AFE" wsp:rsidRDefault="000B7212"><w:pPr><w:jc w:val="center"/><w:rPr><w:rFonts w:ascii="宋体" w:h-ansi="宋体" w:cs="宋体"/><wx:font wx:val="宋体"/><w:sz w:val="28"/><w:sz-cs w:val="28"/></w:rPr></w:pPr><w:r><w:rPr><w:rFonts w:ascii="宋体" w:h-ansi="宋体" w:cs="宋体" w:hint="fareast"/><wx:font wx:val="宋体"/><w:sz w:val="28"/><w:sz-cs w:val="28"/></w:rPr><w:t>${usage}</w:t></w:r></w:p></w:tc></w:tr><w:tr wsp:rsidR="006B1AFE" wsp:rsidTr="008A580C"><w:trPr><w:jc w:val="center"/></w:trPr><w:tc><w:tcPr><w:tcW w:w="2376" w:type="dxa"/><w:vAlign w:val="center"/></w:tcPr><w:p wsp:rsidR="006B1AFE" wsp:rsidRDefault="000B7212"><w:pPr><w:jc w:val="center"/><w:rPr><w:rFonts w:ascii="宋体" w:h-ansi="宋体" w:cs="宋体"/><wx:font wx:val="宋体"/><w:sz w:val="28"/><w:sz-cs w:val="28"/></w:rPr></w:pPr><w:r><w:rPr><w:rFonts w:ascii="宋体" w:h-ansi="宋体" w:cs="宋体" w:hint="fareast"/><wx:font wx:val="宋体"/><w:sz w:val="28"/><w:sz-cs w:val="28"/></w:rPr><w:t>备注：</w:t></w:r></w:p></w:tc><w:tc><w:tcPr><w:tcW w:w="2376" w:type="dxa"/><w:gridSpan w:val="3"/><w:vAlign w:val="center"/></w:tcPr><w:p wsp:rsidR="006B1AFE" wsp:rsidRDefault="000B7212"><w:pPr><w:jc w:val="center"/><w:rPr><w:rFonts w:ascii="宋体" w:h-ansi="宋体" w:cs="宋体"/><wx:font wx:val="宋体"/><w:sz w:val="28"/><w:sz-cs w:val="28"/></w:rPr></w:pPr><w:r><w:rPr><w:rFonts w:ascii="宋体" w:h-ansi="宋体" w:cs="宋体" w:hint="fareast"/><wx:font wx:val="宋体"/><w:sz w:val="28"/><w:sz-cs w:val="28"/></w:rPr><w:t>${ordDesc}</w:t></w:r></w:p></w:tc></w:tr><w:tr wsp:rsidR="006B1AFE" wsp:rsidTr="008A580C"><w:trPr><w:trHeight w:val="1367"/><w:jc w:val="center"/></w:trPr><w:tc><w:tcPr><w:tcW w:w="2376" w:type="dxa"/><w:vAlign w:val="center"/></w:tcPr><w:p wsp:rsidR="006B1AFE" wsp:rsidRDefault="000B7212"><w:pPr><w:jc w:val="center"/><w:rPr><w:rFonts w:ascii="宋体" w:h-ansi="宋体"/><wx:font wx:val="宋体"/><w:sz w:val="28"/><w:sz-cs w:val="28"/></w:rPr></w:pPr><w:r><w:rPr><w:rFonts w:ascii="宋体" w:h-ansi="宋体" w:hint="fareast"/><wx:font wx:val="宋体"/><w:sz w:val="28"/><w:sz-cs w:val="28"/></w:rPr><w:t>保险公司签章：</w:t></w:r></w:p></w:tc><w:tc><w:tcPr><w:tcW w:w="2376" w:type="dxa"/><w:vAlign w:val="center"/></w:tcPr><w:p wsp:rsidR="006B1AFE" wsp:rsidRDefault="006B1AFE"><w:pPr><w:jc w:val="center"/><w:rPr><w:rFonts w:ascii="宋体" w:h-ansi="宋体"/><wx:font wx:val="宋体"/><w:sz w:val="28"/><w:sz-cs w:val="28"/></w:rPr></w:pPr><w:r wsp:rsidRPr="006B1AFE"><w:rPr><w:rFonts w:ascii="宋体" w:h-ansi="宋体"/><wx:font wx:val="宋体"/><w:sz w:val="28"/><w:sz-cs w:val="28"/></w:rPr><w:pict><w:binData w:name="wordml://03000002.png" xml:space="preserve">${orgLogo}
</w:binData><v:shape id="图片 4" o:spid="_x0000_i1025" type="#_x0000_t75" style="width:88.5pt;height:88.5pt"><v:imagedata src="wordml://03000002.png" o:title="comLogo"/><o:lock v:ext="edit" aspectratio="f"/></v:shape></w:pict></w:r></w:p></w:tc><w:tc><w:tcPr><w:tcW w:w="2376" w:type="dxa"/><w:vAlign w:val="center"/></w:tcPr><w:p wsp:rsidR="006B1AFE" wsp:rsidRDefault="000B7212"><w:pPr><w:jc w:val="center"/><w:rPr><w:rFonts w:ascii="宋体" w:h-ansi="宋体"/><wx:font wx:val="宋体"/><w:sz w:val="28"/><w:sz-cs w:val="28"/></w:rPr></w:pPr><w:r><w:rPr><w:rFonts w:ascii="宋体" w:h-ansi="宋体" w:hint="fareast"/><wx:font wx:val="宋体"/><w:sz w:val="28"/><w:sz-cs w:val="28"/></w:rPr><w:t>托管人签章：</w:t></w:r></w:p></w:tc><w:tc><w:tcPr><w:tcW w:w="2376" w:type="dxa"/><w:vAlign w:val="center"/></w:tcPr><w:p wsp:rsidR="006B1AFE" wsp:rsidRDefault="006B1AFE"><w:pPr><w:jc w:val="center"/><w:rPr><w:rFonts w:ascii="宋体" w:h-ansi="宋体"/><wx:font wx:val="宋体"/><w:sz w:val="28"/><w:sz-cs w:val="28"/></w:rPr></w:pPr></w:p></w:tc></w:tr><w:tr wsp:rsidR="006B1AFE" wsp:rsidTr="008A580C"><w:trPr><w:trHeight w:val="361"/><w:jc w:val="center"/></w:trPr><w:tc><w:tcPr><w:tcW w:w="2376" w:type="dxa"/><w:vAlign w:val="center"/></w:tcPr><w:p wsp:rsidR="006B1AFE" wsp:rsidRDefault="000B7212"><w:pPr><w:jc w:val="center"/><w:rPr><w:rFonts w:ascii="宋体" w:h-ansi="宋体" w:cs="宋体"/><wx:font wx:val="宋体"/><w:sz w:val="28"/><w:sz-cs w:val="28"/></w:rPr></w:pPr><w:r><w:rPr><w:rFonts w:ascii="宋体" w:h-ansi="宋体" w:hint="fareast"/><wx:font wx:val="宋体"/><w:sz w:val="28"/><w:sz-cs w:val="28"/></w:rPr><w:t>审批人：</w:t></w:r></w:p></w:tc><w:tc><w:tcPr><w:tcW w:w="2376" w:type="dxa"/></w:tcPr><w:p wsp:rsidR="006B1AFE" wsp:rsidRDefault="008A580C"><w:pPr><w:rPr><w:rFonts w:ascii="宋体" w:h-ansi="宋体"/><wx:font wx:val="宋体"/><w:sz w:val="28"/><w:sz-cs w:val="28"/></w:rPr></w:pPr><w:r wsp:rsidRPr="006B1AFE"><w:rPr><w:rFonts w:ascii="宋体" w:h-ansi="宋体"/><wx:font wx:val="宋体"/><w:sz w:val="28"/><w:sz-cs w:val="28"/></w:rPr><w:pict><w:binData w:name="wordml://03000003.png" xml:space="preserve">${checkLogo}
</w:binData><v:shape id="图片 7" o:spid="_x0000_i1026" type="#_x0000_t75" style="width:113.25pt;height:28.5pt"><v:imagedata src="wordml://03000003.png" o:title="orgLogo"/><o:lock v:ext="edit" aspectratio="f"/></v:shape></w:pict></w:r></w:p></w:tc><w:tc><w:tcPr><w:tcW w:w="2376" w:type="dxa"/><w:vAlign w:val="center"/></w:tcPr><w:p wsp:rsidR="006B1AFE" wsp:rsidRDefault="000B7212"><w:pPr><w:jc w:val="center"/><w:rPr><w:rFonts w:ascii="宋体" w:h-ansi="宋体" w:cs="宋体"/><wx:font wx:val="宋体"/><w:sz w:val="28"/><w:sz-cs w:val="28"/></w:rPr></w:pPr><w:r><w:rPr><w:rFonts w:ascii="宋体" w:h-ansi="宋体" w:hint="fareast"/><wx:font wx:val="宋体"/><w:sz w:val="28"/><w:sz-cs w:val="28"/></w:rPr><w:t>审批人：</w:t></w:r></w:p></w:tc><w:tc><w:tcPr><w:tcW w:w="2376" w:type="dxa"/></w:tcPr><w:p wsp:rsidR="006B1AFE" wsp:rsidRDefault="000B7212"><w:pPr><w:rPr><w:rFonts w:ascii="宋体" w:h-ansi="宋体"/><wx:font wx:val="宋体"/><w:sz w:val="28"/><w:sz-cs w:val="28"/></w:rPr></w:pPr><w:r><w:rPr><w:rFonts w:ascii="宋体" w:h-ansi="宋体" w:cs="宋体" w:hint="fareast"/><wx:font wx:val="宋体"/><w:color w:val="000000"/><w:kern w:val="0"/><w:sz w:val="28"/><w:sz-cs w:val="28"/></w:rPr><w:t>${checkBy}</w:t></w:r></w:p></w:tc></w:tr><w:tr wsp:rsidR="006B1AFE" wsp:rsidTr="008A580C"><w:trPr><w:jc w:val="center"/></w:trPr><w:tc><w:tcPr><w:tcW w:w="2376" w:type="dxa"/><w:vAlign w:val="center"/></w:tcPr><w:p wsp:rsidR="006B1AFE" wsp:rsidRDefault="000B7212"><w:pPr><w:jc w:val="center"/><w:rPr><w:rFonts w:ascii="宋体" w:h-ansi="宋体" w:cs="宋体"/><wx:font wx:val="宋体"/><w:sz w:val="28"/><w:sz-cs w:val="28"/></w:rPr></w:pPr><w:r><w:rPr><w:rFonts w:ascii="宋体" w:h-ansi="宋体" w:hint="fareast"/><wx:font wx:val="宋体"/><w:sz w:val="28"/><w:sz-cs w:val="28"/></w:rPr><w:t>复核人：</w:t></w:r></w:p></w:tc><w:tc><w:tcPr><w:tcW w:w="2376" w:type="dxa"/></w:tcPr><w:p wsp:rsidR="006B1AFE" wsp:rsidRDefault="008A580C"><w:pPr><w:rPr><w:rFonts w:ascii="宋体" w:h-ansi="宋体"/><wx:font wx:val="宋体"/><w:sz w:val="28"/><w:sz-cs w:val="28"/></w:rPr></w:pPr><w:r wsp:rsidRPr="006B1AFE"><w:rPr><w:rFonts w:ascii="宋体" w:h-ansi="宋体"/><wx:font wx:val="宋体"/><w:sz w:val="28"/><w:sz-cs w:val="28"/></w:rPr><w:pict><w:binData w:name="wordml://03000004.png" xml:space="preserve">${reviewLogo}
</w:binData><v:shape id="图片 8" o:spid="_x0000_i1027" type="#_x0000_t75" style="width:113.25pt;height:28.5pt"><v:imagedata src="wordml://03000004.png" o:title="operLogo"/><o:lock v:ext="edit" aspectratio="f"/></v:shape></w:pict></w:r></w:p></w:tc><w:tc><w:tcPr><w:tcW w:w="2376" w:type="dxa"/><w:vAlign w:val="center"/></w:tcPr><w:p wsp:rsidR="006B1AFE" wsp:rsidRDefault="000B7212"><w:pPr><w:jc w:val="center"/><w:rPr><w:rFonts w:ascii="宋体" w:h-ansi="宋体" w:cs="宋体"/><wx:font wx:val="宋体"/><w:sz w:val="28"/><w:sz-cs w:val="28"/></w:rPr></w:pPr><w:r><w:rPr><w:rFonts w:ascii="宋体" w:h-ansi="宋体" w:hint="fareast"/><wx:font wx:val="宋体"/><w:sz w:val="28"/><w:sz-cs w:val="28"/></w:rPr><w:t>复核人：</w:t></w:r></w:p></w:tc><w:tc><w:tcPr><w:tcW w:w="2376" w:type="dxa"/></w:tcPr><w:p wsp:rsidR="006B1AFE" wsp:rsidRDefault="000B7212"><w:pPr><w:rPr><w:rFonts w:ascii="宋体" w:h-ansi="宋体"/><wx:font wx:val="宋体"/><w:sz-cs w:val="21"/></w:rPr></w:pPr><w:r><w:rPr><w:rFonts w:ascii="宋体" w:h-ansi="宋体" w:cs="宋体" w:hint="fareast"/><wx:font wx:val="宋体"/><w:color w:val="000000"/><w:kern w:val="0"/><w:sz w:val="28"/><w:sz-cs w:val="28"/></w:rPr><w:t>${reviewBy}</w:t></w:r></w:p></w:tc></w:tr><w:tr wsp:rsidR="006B1AFE" wsp:rsidTr="008A580C"><w:trPr><w:trHeight w:val="351"/><w:jc w:val="center"/></w:trPr><w:tc><w:tcPr><w:tcW w:w="2376" w:type="dxa"/><w:vAlign w:val="center"/></w:tcPr><w:p wsp:rsidR="006B1AFE" wsp:rsidRDefault="000B7212"><w:pPr><w:jc w:val="center"/><w:rPr><w:rFonts w:ascii="宋体" w:h-ansi="宋体" w:cs="宋体"/><wx:font wx:val="宋体"/><w:sz w:val="28"/><w:sz-cs w:val="28"/></w:rPr></w:pPr><w:r><w:rPr><w:rFonts w:ascii="宋体" w:h-ansi="宋体" w:hint="fareast"/><wx:font wx:val="宋体"/><w:sz w:val="28"/><w:sz-cs w:val="28"/></w:rPr><w:t>经办人：</w:t></w:r></w:p></w:tc><w:tc><w:tcPr><w:tcW w:w="2376" w:type="dxa"/></w:tcPr><w:p wsp:rsidR="006B1AFE" wsp:rsidRDefault="008A580C"><w:pPr><w:rPr><w:rFonts w:ascii="宋体" w:h-ansi="宋体"/><wx:font wx:val="宋体"/><w:sz w:val="28"/><w:sz-cs w:val="28"/></w:rPr></w:pPr><w:r wsp:rsidRPr="006B1AFE"><w:rPr><w:rFonts w:ascii="宋体" w:h-ansi="宋体"/><wx:font wx:val="宋体"/><w:sz w:val="28"/><w:sz-cs w:val="28"/></w:rPr><w:pict><w:binData w:name="wordml://03000005.png" xml:space="preserve">${createLogo}
</w:binData><v:shape id="图片 9" o:spid="_x0000_i1028" type="#_x0000_t75" style="width:109.5pt;height:28.5pt"><v:imagedata src="wordml://03000005.png" o:title="CCB_logo"/><o:lock v:ext="edit" aspectratio="f"/></v:shape></w:pict></w:r></w:p></w:tc><w:tc><w:tcPr><w:tcW w:w="2376" w:type="dxa"/><w:vAlign w:val="center"/></w:tcPr><w:p wsp:rsidR="006B1AFE" wsp:rsidRDefault="000B7212"><w:pPr><w:jc w:val="center"/><w:rPr><w:rFonts w:ascii="宋体" w:h-ansi="宋体" w:cs="宋体"/><wx:font wx:val="宋体"/><w:sz w:val="28"/><w:sz-cs w:val="28"/></w:rPr></w:pPr><w:r><w:rPr><w:rFonts w:ascii="宋体" w:h-ansi="宋体" w:hint="fareast"/><wx:font wx:val="宋体"/><w:sz w:val="28"/><w:sz-cs w:val="28"/></w:rPr><w:t>经办人：</w:t></w:r></w:p></w:tc><w:tc><w:tcPr><w:tcW w:w="2376" w:type="dxa"/></w:tcPr><w:p wsp:rsidR="006B1AFE" wsp:rsidRDefault="000B7212"><w:pPr><w:rPr><w:rFonts w:ascii="宋体" w:h-ansi="宋体"/><wx:font wx:val="宋体"/><w:sz w:val="28"/><w:sz-cs w:val="28"/></w:rPr></w:pPr><w:r><w:rPr><w:rFonts w:ascii="宋体" w:h-ansi="宋体" w:cs="宋体" w:hint="fareast"/><wx:font wx:val="宋体"/><w:color w:val="000000"/><w:kern w:val="0"/><w:sz w:val="28"/><w:sz-cs w:val="28"/></w:rPr><w:t>${createBy}</w:t></w:r></w:p></w:tc></w:tr></w:tbl><w:p wsp:rsidR="000B7212" wsp:rsidRDefault="000B7212"><w:pPr><w:spacing w:line="360" w:line-rule="auto"/><w:rPr><w:rFonts w:ascii="宋体" w:h-ansi="宋体"/><wx:font wx:val="宋体"/><w:b/><w:sz w:val="28"/><w:sz-cs w:val="28"/></w:rPr></w:pPr></w:p><w:sectPr wsp:rsidR="000B7212" wsp:rsidSect="006B1AFE"><w:pgSz w:w="11906" w:h="16838"/><w:pgMar w:top="1440" w:right="1797" w:bottom="1440" w:left="1797" w:header="851" w:footer="992" w:gutter="0"/><w:cols w:space="720"/><w:docGrid w:type="lines" w:line-pitch="312"/></w:sectPr></w:body></w:wordDocument>