<?xml version="1.0" encoding="UTF-8" standalone="yes"?>
<?mso-application progid="Word.Document"?>
<w:wordDocument xmlns:aml="http://schemas.microsoft.com/aml/2001/core" xmlns:dt="uuid:C2F41010-65B3-11d1-A29F-00AA00C14882" xmlns:ve="http://schemas.openxmlformats.org/markup-compatibility/2006" xmlns:o="urn:schemas-microsoft-com:office:office" xmlns:v="urn:schemas-microsoft-com:vml" xmlns:w10="urn:schemas-microsoft-com:office:word" xmlns:w="http://schemas.microsoft.com/office/word/2003/wordml" xmlns:wx="http://schemas.microsoft.com/office/word/2003/auxHint" xmlns:wsp="http://schemas.microsoft.com/office/word/2003/wordml/sp2" xmlns:sl="http://schemas.microsoft.com/schemaLibrary/2003/core" w:macrosPresent="no" w:embeddedObjPresent="no" w:ocxPresent="no" xml:space="preserve"><w:ignoreSubtree w:val="http://schemas.microsoft.com/office/word/2003/wordml/sp2"/><o:DocumentProperties><o:Title>新华资产-华夏银行资产管理业务划款指令</o:Title><o:Author>limh</o:Author><o:LastAuthor>yu</o:LastAuthor><o:Revision>2</o:Revision><o:TotalTime>0</o:TotalTime><o:Created>2015-01-06T07:23:00Z</o:Created><o:LastSaved>2015-01-06T07:23:00Z</o:LastSaved><o:Pages>1</o:Pages><o:Words>62</o:Words><o:Characters>354</o:Characters><o:Company>Lenovo</o:Company><o:Lines>2</o:Lines><o:Paragraphs>1</o:Paragraphs><o:CharactersWithSpaces>415</o:CharactersWithSpaces><o:Version>12</o:Version></o:DocumentProperties><o:CustomDocumentProperties><o:KSOProductBuildVer dt:dt="string">2052-9.1.0.4867</o:KSOProductBuildVer></o:CustomDocumentProperties><w:fonts><w:defaultFonts w:ascii="Calibri" w:fareast="宋体" w:h-ansi="Calibri" w:cs="Times New Roman"/><w:font w:name="Times New Roman"><w:panose-1 w:val="02020603050405020304"/><w:charset w:val="00"/><w:family w:val="Roman"/><w:pitch w:val="variable"/><w:sig w:usb-0="E0002AFF" w:usb-1="C0007841" w:usb-2="00000009" w:usb-3="00000000" w:csb-0="000001FF" w:csb-1="00000000"/></w:font><w:font w:name="宋体"><w:altName w:val="SimSun"/><w:panose-1 w:val="02010600030101010101"/><w:charset w:val="86"/><w:family w:val="auto"/><w:pitch w:val="variable"/><w:sig w:usb-0="00000003" w:usb-1="288F0000" w:usb-2="00000016" w:usb-3="00000000" w:csb-0="00040001" w:csb-1="00000000"/></w:font><w:font w:name="Cambria Math"><w:panose-1 w:val="02040503050406030204"/><w:charset w:val="00"/><w:family w:val="Roman"/><w:pitch w:val="variable"/><w:sig w:usb-0="E00002FF" w:usb-1="420024FF" w:usb-2="00000000" w:usb-3="00000000" w:csb-0="0000019F" w:csb-1="00000000"/></w:font><w:font w:name="Calibri"><w:panose-1 w:val="020F0502020204030204"/><w:charset w:val="00"/><w:family w:val="Swiss"/><w:pitch w:val="variable"/><w:sig w:usb-0="E00002FF" w:usb-1="4000ACFF" w:usb-2="00000001" w:usb-3="00000000" w:csb-0="0000019F" w:csb-1="00000000"/></w:font><w:font w:name="@宋体"><w:panose-1 w:val="02010600030101010101"/><w:charset w:val="86"/><w:family w:val="auto"/><w:pitch w:val="variable"/><w:sig w:usb-0="00000003" w:usb-1="288F0000" w:usb-2="00000016" w:usb-3="00000000" w:csb-0="00040001" w:csb-1="00000000"/></w:font></w:fonts><w:styles><w:versionOfBuiltInStylenames w:val="7"/><w:latentStyles w:defLockedState="off" w:latentStyleCount="267"><w:lsdException w:name="Normal"/><w:lsdException w:name="heading 1"/><w:lsdException w:name="heading 2"/><w:lsdException w:name="heading 3"/><w:lsdException w:name="heading 4"/><w:lsdException w:name="heading 5"/><w:lsdException w:name="heading 6"/><w:lsdException w:name="heading 7"/><w:lsdException w:name="heading 8"/><w:lsdException w:name="heading 9"/><w:lsdException w:name="caption"/><w:lsdException w:name="Title"/><w:lsdException w:name="Default Paragraph Font"/><w:lsdException w:name="Subtitle"/><w:lsdException w:name="Strong"/><w:lsdException w:name="Emphasis"/><w:lsdException w:name="HTML Top of Form"/><w:lsdException w:name="HTML Bottom of Form"/><w:lsdException w:name="Normal Table"/><w:lsdException w:name="No List"/><w:lsdException w:name="Outline List 1"/><w:lsdException w:name="Outline List 2"/><w:lsdException w:name="Outline List 3"/><w:lsdException w:name="Placeholder Text"/><w:lsdException w:name="No Spacing"/><w:lsdException w:name="Revision"/><w:lsdException w:name="List Paragraph"/><w:lsdException w:name="Quote"/><w:lsdException w:name="Intense Quote"/><w:lsdException w:name="Subtle Emphasis"/><w:lsdException w:name="Intense Emphasis"/><w:lsdException w:name="Subtle Reference"/><w:lsdException w:name="Intense Reference"/><w:lsdException w:name="Book Title"/><w:lsdException w:name="Bibliography"/><w:lsdException w:name="TOC Heading"/></w:latentStyles><w:style w:type="paragraph" w:default="on" w:styleId="a"><w:name w:val="Normal"/><wx:uiName wx:val="正文"/><w:pPr><w:widowControl w:val="off"/><w:jc w:val="both"/></w:pPr><w:rPr><wx:font wx:val="Calibri"/><w:kern w:val="2"/><w:sz w:val="21"/><w:sz-cs w:val="22"/><w:lang w:val="EN-US" w:fareast="ZH-CN" w:bidi="AR-SA"/></w:rPr></w:style><w:style w:type="character" w:default="on" w:styleId="a0"><w:name w:val="Default Paragraph Font"/><wx:uiName wx:val="默认段落字体"/></w:style><w:style w:type="table" w:default="on" w:styleId="a1"><w:name w:val="Normal Table"/><wx:uiName wx:val="普通表格"/><w:rPr><wx:font wx:val="Calibri"/><w:lang w:val="EN-US" w:fareast="ZH-CN" w:bidi="AR-SA"/></w:rPr><w:tblPr><w:tblCellMar><w:top w:w="0" w:type="dxa"/><w:left w:w="108" w:type="dxa"/><w:bottom w:w="0" w:type="dxa"/><w:right w:w="108" w:type="dxa"/></w:tblCellMar></w:tblPr></w:style><w:style w:type="list" w:default="on" w:styleId="a2"><w:name w:val="No List"/><wx:uiName wx:val="无列表"/></w:style><w:style w:type="character" w:styleId="Char"><w:name w:val="页脚 Char"/><w:link w:val="a3"/><w:rPr><w:kern w:val="2"/><w:sz w:val="18"/><w:sz-cs w:val="18"/></w:rPr></w:style><w:style w:type="character" w:styleId="Char0"><w:name w:val="页眉 Char"/><w:link w:val="a4"/><w:rPr><w:kern w:val="2"/><w:sz w:val="18"/><w:sz-cs w:val="18"/></w:rPr></w:style><w:style w:type="paragraph" w:styleId="a4"><w:name w:val="header"/><wx:uiName wx:val="页眉"/><w:basedOn w:val="a"/><w:link w:val="Char0"/><w:pPr><w:pBdr><w:bottom w:val="single" w:sz="6" wx:bdrwidth="15" w:space="1" w:color="auto"/></w:pBdr><w:tabs><w:tab w:val="center" w:pos="4153"/><w:tab w:val="right" w:pos="8306"/></w:tabs><w:snapToGrid w:val="off"/><w:jc w:val="center"/></w:pPr><w:rPr><wx:font wx:val="Calibri"/><w:sz w:val="18"/><w:sz-cs w:val="18"/><w:lang/></w:rPr></w:style><w:style w:type="paragraph" w:styleId="a3"><w:name w:val="footer"/><wx:uiName wx:val="页脚"/><w:basedOn w:val="a"/><w:link w:val="Char"/><w:pPr><w:tabs><w:tab w:val="center" w:pos="4153"/><w:tab w:val="right" w:pos="8306"/></w:tabs><w:snapToGrid w:val="off"/><w:jc w:val="left"/></w:pPr><w:rPr><wx:font wx:val="Calibri"/><w:sz w:val="18"/><w:sz-cs w:val="18"/><w:lang/></w:rPr></w:style></w:styles><w:shapeDefaults><o:shapedefaults v:ext="edit" spidmax="3074"/><o:shapelayout v:ext="edit"><o:idmap v:ext="edit" data="1"/></o:shapelayout></w:shapeDefaults><w:docPr><w:view w:val="print"/><w:zoom w:percent="100"/><w:doNotEmbedSystemFonts/><w:bordersDontSurroundHeader/><w:bordersDontSurroundFooter/><w:proofState w:spelling="clean"/><w:stylePaneFormatFilter w:val="3F01"/><w:defaultTabStop w:val="420"/><w:drawingGridVerticalSpacing w:val="156"/><w:displayHorizontalDrawingGridEvery w:val="0"/><w:displayVerticalDrawingGridEvery w:val="2"/><w:punctuationKerning/><w:characterSpacingControl w:val="CompressPunctuation"/><w:webPageEncoding w:val="x-cp20936"/><w:optimizeForBrowser/><w:allowPNG/><w:targetScreenSz w:val="1024x768"/><w:validateAgainstSchema w:val="off"/><w:saveInvalidXML w:val="off"/><w:ignoreMixedContent w:val="off"/><w:alwaysShowPlaceholderText w:val="off"/><w:doNotUnderlineInvalidXML/><w:hdrShapeDefaults><o:shapedefaults v:ext="edit" spidmax="3074"/></w:hdrShapeDefaults><w:footnotePr><w:footnote w:type="separator"><w:p wsp:rsidR="00B9636A" wsp:rsidRDefault="00B9636A" wsp:rsidP="00D13547"><w:r><w:separator/></w:r></w:p></w:footnote><w:footnote w:type="continuation-separator"><w:p wsp:rsidR="00B9636A" wsp:rsidRDefault="00B9636A" wsp:rsidP="00D13547"><w:r><w:continuationSeparator/></w:r></w:p></w:footnote></w:footnotePr><w:endnotePr><w:endnote w:type="separator"><w:p wsp:rsidR="00B9636A" wsp:rsidRDefault="00B9636A" wsp:rsidP="00D13547"><w:r><w:separator/></w:r></w:p></w:endnote><w:endnote w:type="continuation-separator"><w:p wsp:rsidR="00B9636A" wsp:rsidRDefault="00B9636A" wsp:rsidP="00D13547"><w:r><w:continuationSeparator/></w:r></w:p></w:endnote></w:endnotePr><w:compat><w:spaceForUL/><w:balanceSingleByteDoubleByteWidth/><w:doNotLeaveBackslashAlone/><w:ulTrailSpace/><w:doNotExpandShiftReturn/><w:adjustLineHeightInTable/><w:breakWrappedTables/><w:snapToGridInCell/><w:wrapTextWithPunct/><w:useAsianBreakRules/><w:dontGrowAutofit/><w:useFELayout/></w:compat><wsp:rsids><wsp:rsidRoot wsp:val="003A251E"/><wsp:rsid wsp:val="00083F53"/><wsp:rsid wsp:val="000D35C0"/><wsp:rsid wsp:val="00161FB3"/><wsp:rsid wsp:val="001F6B7B"/><wsp:rsid wsp:val="0021027A"/><wsp:rsid wsp:val="002A1BBA"/><wsp:rsid wsp:val="003A06E2"/><wsp:rsid wsp:val="003A251E"/><wsp:rsid wsp:val="003B5F8A"/><wsp:rsid wsp:val="004A607A"/><wsp:rsid wsp:val="004C058D"/><wsp:rsid wsp:val="005156A0"/><wsp:rsid wsp:val="006573BA"/><wsp:rsid wsp:val="00866129"/><wsp:rsid wsp:val="008D04C0"/><wsp:rsid wsp:val="008E2394"/><wsp:rsid wsp:val="00914266"/><wsp:rsid wsp:val="00955694"/><wsp:rsid wsp:val="00996B60"/><wsp:rsid wsp:val="009C4D92"/><wsp:rsid wsp:val="00B9636A"/><wsp:rsid wsp:val="00D0478E"/><wsp:rsid wsp:val="00D13547"/><wsp:rsid wsp:val="00DF24B7"/><wsp:rsid wsp:val="00E44DFB"/><wsp:rsid wsp:val="00E56E04"/><wsp:rsid wsp:val="00F82454"/><wsp:rsid wsp:val="00F829A5"/><wsp:rsid wsp:val="00FE4258"/><wsp:rsid wsp:val="12413F80"/><wsp:rsid wsp:val="359F2D89"/><wsp:rsid wsp:val="55995C7E"/><wsp:rsid wsp:val="5F523471"/><wsp:rsid wsp:val="7A073EAE"/></wsp:rsids></w:docPr><w:body><w:tbl><w:tblPr><w:tblW w:w="0" w:type="auto"/><w:tblInd w:w="-630" w:type="dxa"/><w:tblLayout w:type="Fixed"/></w:tblPr><w:tblGrid><w:gridCol w:w="5060"/><w:gridCol w:w="5360"/></w:tblGrid><w:tr wsp:rsidR="004C058D"><w:trPr><w:trHeight w:val="645"/></w:trPr><w:tc><w:tcPr><w:tcW w:w="10420" w:type="dxa"/><w:gridSpan w:val="2"/><w:tcBorders><w:top w:val="nil"/><w:left w:val="nil"/><w:bottom w:val="nil"/><w:right w:val="nil"/></w:tcBorders><w:vAlign w:val="center"/></w:tcPr><w:p wsp:rsidR="004C058D" wsp:rsidRDefault="004C058D"><w:pPr><w:widowControl/><w:jc w:val="center"/><w:rPr><w:rFonts w:ascii="宋体" w:h-ansi="宋体" w:cs="宋体"/><wx:font wx:val="宋体"/><w:b/><w:b-cs/><w:color w:val="000000"/><w:kern w:val="0"/><w:sz-cs w:val="21"/></w:rPr></w:pPr><aml:annotation aml:id="0" w:type="Word.Bookmark.Start" w:name="RANGE!A1"/><w:r><w:rPr><w:rFonts w:ascii="宋体" w:h-ansi="宋体" w:cs="宋体"/><wx:font wx:val="宋体"/><w:b/><w:b-cs/><w:color w:val="000000"/><w:kern w:val="0"/><w:sz-cs w:val="21"/></w:rPr><w:pict><v:shapetype id="_x0000_t75" coordsize="21600,21600" o:spt="75" o:preferrelative="t" path="m@4@5l@4@11@9@11@9@5xe" filled="f" stroked="f"><v:stroke joinstyle="miter"/><v:formulas><v:f eqn="if lineDrawn pixelLineWidth 0"/><v:f eqn="sum @0 1 0"/><v:f eqn="sum 0 0 @1"/><v:f eqn="prod @2 1 2"/><v:f eqn="prod @3 21600 pixelWidth"/><v:f eqn="prod @3 21600 pixelHeight"/><v:f eqn="sum @0 0 1"/><v:f eqn="prod @6 1 2"/><v:f eqn="prod @7 21600 pixelWidth"/><v:f eqn="sum @8 21600 0"/><v:f eqn="prod @7 21600 pixelHeight"/><v:f eqn="sum @10 21600 0"/></v:formulas><v:path o:extrusionok="f" gradientshapeok="t" o:connecttype="rect"/><o:lock v:ext="edit" aspectratio="t"/></v:shapetype><w:binData w:name="wordml://03000001.png" xml:space="preserve">${cancelLogo}
</w:binData><v:shape id="图片 2" o:spid="_x0000_s1026" type="#_x0000_t75" style="position:absolute;left:0;text-align:left;margin-left:371.7pt;margin-top:-23pt;width:145.5pt;height:85.5pt;z-index:1"><v:imagedata src="wordml://03000001.png" o:title="ysszhang"/></v:shape></w:pict></w:r><w:r><w:rPr><w:rFonts w:ascii="宋体" w:h-ansi="宋体" w:cs="宋体" w:hint="fareast"/><wx:font wx:val="宋体"/><w:b/><w:b-cs/><w:color w:val="000000"/><w:kern w:val="0"/><w:sz-cs w:val="21"/></w:rPr><w:t>新华资产-华夏银行资产管理业务划款指令</w:t></w:r><aml:annotation aml:id="0" w:type="Word.Bookmark.End"/></w:p></w:tc></w:tr><w:tr wsp:rsidR="004C058D"><w:trPr><w:trHeight w:val="645"/></w:trPr><w:tc><w:tcPr><w:tcW w:w="5060" w:type="dxa"/><w:tcBorders><w:top w:val="nil"/><w:left w:val="nil"/><w:bottom w:val="nil"/><w:right w:val="nil"/></w:tcBorders><w:vAlign w:val="center"/></w:tcPr><w:p wsp:rsidR="004C058D" wsp:rsidRDefault="004C058D"><w:pPr><w:widowControl/><w:rPr><w:rFonts w:ascii="宋体" w:h-ansi="宋体" w:cs="宋体"/><wx:font wx:val="宋体"/><w:color w:val="000000"/><w:kern w:val="0"/><w:sz-cs w:val="21"/></w:rPr></w:pPr><w:r><w:rPr><w:rFonts w:ascii="宋体" w:h-ansi="宋体" w:cs="宋体" w:hint="fareast"/><wx:font wx:val="宋体"/><w:color w:val="000000"/><w:kern w:val="0"/><w:sz-cs w:val="21"/></w:rPr><w:t>资金账号：</w:t></w:r></w:p></w:tc><w:tc><w:tcPr><w:tcW w:w="5360" w:type="dxa"/><w:tcBorders><w:top w:val="nil"/><w:left w:val="nil"/><w:bottom w:val="nil"/><w:right w:val="nil"/></w:tcBorders><w:vAlign w:val="center"/></w:tcPr><w:p wsp:rsidR="004C058D" wsp:rsidRDefault="004C058D"><w:pPr><w:widowControl/><w:rPr><w:rFonts w:ascii="宋体" w:h-ansi="宋体" w:cs="宋体"/><wx:font wx:val="宋体"/><w:color w:val="000000"/><w:kern w:val="0"/><w:sz-cs w:val="21"/></w:rPr></w:pPr><w:r><w:rPr><w:rFonts w:ascii="Times New Roman" w:h-ansi="Times New Roman" w:hint="fareast"/><wx:font wx:val="Times New Roman"/><w:color w:val="000000"/><w:kern w:val="0"/><w:sz-cs w:val="21"/></w:rPr><w:t>${ordDate}</w:t></w:r><w:r><w:rPr><w:rFonts w:ascii="Times New Roman" w:h-ansi="Times New Roman"/><wx:font wx:val="Times New Roman"/><w:color w:val="000000"/><w:kern w:val="0"/><w:sz-cs w:val="21"/></w:rPr><w:t>       </w:t></w:r><w:r><w:rPr><w:rFonts w:ascii="宋体" w:h-ansi="宋体" w:cs="宋体" w:hint="fareast"/><wx:font wx:val="宋体"/><w:color w:val="000000"/><w:kern w:val="0"/><w:sz-cs w:val="21"/></w:rPr><w:t>单位：元</w:t></w:r><w:r><w:rPr><w:rFonts w:ascii="Times New Roman" w:h-ansi="Times New Roman"/><wx:font wx:val="Times New Roman"/><w:color w:val="000000"/><w:kern w:val="0"/><w:sz-cs w:val="21"/></w:rPr><w:t>         </w:t></w:r><w:r><w:rPr><w:rFonts w:ascii="宋体" w:h-ansi="宋体" w:cs="宋体" w:hint="fareast"/><wx:font wx:val="宋体"/><w:color w:val="000000"/><w:kern w:val="0"/><w:sz-cs w:val="21"/></w:rPr><w:t>编号：</w:t></w:r><w:r><w:rPr><w:rFonts w:ascii="Times New Roman" w:h-ansi="Times New Roman" w:hint="fareast"/><wx:font wx:val="Times New Roman"/><w:color w:val="000000"/><w:kern w:val="0"/><w:sz w:val="18"/><w:sz-cs w:val="18"/></w:rPr><w:t>${ordNum}</w:t></w:r></w:p></w:tc></w:tr><w:tr wsp:rsidR="004C058D"><w:trPr><w:trHeight w:val="645"/></w:trPr><w:tc><w:tcPr><w:tcW w:w="5060" w:type="dxa"/><w:tcBorders><w:top w:val="single" w:sz="8" wx:bdrwidth="20" w:space="0" w:color="auto"/><w:left w:val="single" w:sz="8" wx:bdrwidth="20" w:space="0" w:color="auto"/><w:bottom w:val="single" w:sz="8" wx:bdrwidth="20" w:space="0" w:color="auto"/><w:right w:val="single" w:sz="8" wx:bdrwidth="20" w:space="0" w:color="auto"/></w:tcBorders><w:vAlign w:val="center"/></w:tcPr><w:p wsp:rsidR="004C058D" wsp:rsidRDefault="004C058D"><w:pPr><w:widowControl/><w:rPr><w:rFonts w:ascii="宋体" w:h-ansi="宋体" w:cs="宋体"/><wx:font wx:val="宋体"/><w:color w:val="000000"/><w:kern w:val="0"/><w:sz w:val="20"/><w:sz-cs w:val="20"/></w:rPr></w:pPr><w:r><w:rPr><w:rFonts w:ascii="宋体" w:h-ansi="宋体" w:cs="宋体" w:hint="fareast"/><wx:font wx:val="宋体"/><w:color w:val="000000"/><w:kern w:val="0"/><w:sz w:val="20"/><w:sz-cs w:val="20"/></w:rPr><w:t>付款户名：${openAccNameI}</w:t></w:r><w:r><w:rPr><w:rFonts w:ascii="宋体" w:h-ansi="宋体" w:cs="宋体"/><wx:font wx:val="宋体"/><w:color w:val="000000"/><w:kern w:val="0"/><w:sz w:val="20"/><w:sz-cs w:val="20"/></w:rPr><w:t> </w:t></w:r></w:p></w:tc><w:tc><w:tcPr><w:tcW w:w="5360" w:type="dxa"/><w:tcBorders><w:top w:val="single" w:sz="8" wx:bdrwidth="20" w:space="0" w:color="auto"/><w:left w:val="nil"/><w:bottom w:val="single" w:sz="8" wx:bdrwidth="20" w:space="0" w:color="auto"/><w:right w:val="single" w:sz="8" wx:bdrwidth="20" w:space="0" w:color="auto"/></w:tcBorders><w:vAlign w:val="center"/></w:tcPr><w:p wsp:rsidR="004C058D" wsp:rsidRDefault="004C058D"><w:pPr><w:widowControl/><w:rPr><w:rFonts w:ascii="宋体" w:h-ansi="宋体" w:cs="宋体"/><wx:font wx:val="宋体"/><w:color w:val="000000"/><w:kern w:val="0"/><w:sz-cs w:val="21"/></w:rPr></w:pPr><w:r><w:rPr><w:rFonts w:ascii="宋体" w:h-ansi="宋体" w:cs="宋体" w:hint="fareast"/><wx:font wx:val="宋体"/><w:color w:val="000000"/><w:kern w:val="0"/><w:sz-cs w:val="21"/></w:rPr><w:t>收款户名：${openAccName}</w:t></w:r></w:p></w:tc></w:tr><w:tr wsp:rsidR="004C058D"><w:trPr><w:trHeight w:val="645"/></w:trPr><w:tc><w:tcPr><w:tcW w:w="5060" w:type="dxa"/><w:tcBorders><w:top w:val="nil"/><w:left w:val="single" w:sz="8" wx:bdrwidth="20" w:space="0" w:color="auto"/><w:bottom w:val="single" w:sz="8" wx:bdrwidth="20" w:space="0" w:color="auto"/><w:right w:val="single" w:sz="8" wx:bdrwidth="20" w:space="0" w:color="auto"/></w:tcBorders><w:vAlign w:val="center"/></w:tcPr><w:p wsp:rsidR="004C058D" wsp:rsidRDefault="004C058D"><w:pPr><w:widowControl/><w:rPr><w:rFonts w:ascii="宋体" w:h-ansi="宋体" w:cs="宋体"/><wx:font wx:val="宋体"/><w:color w:val="000000"/><w:kern w:val="0"/><w:sz-cs w:val="21"/></w:rPr></w:pPr><w:r><w:rPr><w:rFonts w:ascii="宋体" w:h-ansi="宋体" w:cs="宋体" w:hint="fareast"/><wx:font wx:val="宋体"/><w:color w:val="000000"/><w:kern w:val="0"/><w:sz-cs w:val="21"/></w:rPr><w:t>付款账号：${openAccI}</w:t></w:r></w:p></w:tc><w:tc><w:tcPr><w:tcW w:w="5360" w:type="dxa"/><w:tcBorders><w:top w:val="nil"/><w:left w:val="nil"/><w:bottom w:val="single" w:sz="8" wx:bdrwidth="20" w:space="0" w:color="auto"/><w:right w:val="single" w:sz="8" wx:bdrwidth="20" w:space="0" w:color="auto"/></w:tcBorders><w:vAlign w:val="center"/></w:tcPr><w:p wsp:rsidR="004C058D" wsp:rsidRDefault="004C058D"><w:pPr><w:widowControl/><w:rPr><w:rFonts w:ascii="宋体" w:h-ansi="宋体" w:cs="宋体"/><wx:font wx:val="宋体"/><w:color w:val="000000"/><w:kern w:val="0"/><w:sz-cs w:val="21"/></w:rPr></w:pPr><w:r><w:rPr><w:rFonts w:ascii="宋体" w:h-ansi="宋体" w:cs="宋体" w:hint="fareast"/><wx:font wx:val="宋体"/><w:color w:val="000000"/><w:kern w:val="0"/><w:sz-cs w:val="21"/></w:rPr><w:t>收款账号：${openAccNo}</w:t></w:r></w:p></w:tc></w:tr><w:tr wsp:rsidR="004C058D"><w:trPr><w:trHeight w:val="645"/></w:trPr><w:tc><w:tcPr><w:tcW w:w="5060" w:type="dxa"/><w:tcBorders><w:top w:val="nil"/><w:left w:val="single" w:sz="8" wx:bdrwidth="20" w:space="0" w:color="auto"/><w:bottom w:val="single" w:sz="8" wx:bdrwidth="20" w:space="0" w:color="auto"/><w:right w:val="single" w:sz="8" wx:bdrwidth="20" w:space="0" w:color="auto"/></w:tcBorders><w:vAlign w:val="center"/></w:tcPr><w:p wsp:rsidR="004C058D" wsp:rsidRDefault="004C058D"><w:pPr><w:widowControl/><w:rPr><w:rFonts w:ascii="宋体" w:h-ansi="宋体" w:cs="宋体"/><wx:font wx:val="宋体"/><w:color w:val="000000"/><w:kern w:val="0"/><w:sz-cs w:val="21"/></w:rPr></w:pPr><w:r><w:rPr><w:rFonts w:ascii="宋体" w:h-ansi="宋体" w:cs="宋体" w:hint="fareast"/><wx:font wx:val="宋体"/><w:color w:val="000000"/><w:kern w:val="0"/><w:sz-cs w:val="21"/></w:rPr><w:t>开户行：${openAddrI}</w:t></w:r></w:p></w:tc><w:tc><w:tcPr><w:tcW w:w="5360" w:type="dxa"/><w:tcBorders><w:top w:val="nil"/><w:left w:val="nil"/><w:bottom w:val="single" w:sz="8" wx:bdrwidth="20" w:space="0" w:color="auto"/><w:right w:val="single" w:sz="8" wx:bdrwidth="20" w:space="0" w:color="auto"/></w:tcBorders><w:vAlign w:val="center"/></w:tcPr><w:p wsp:rsidR="004C058D" wsp:rsidRDefault="004C058D"><w:pPr><w:widowControl/><w:rPr><w:rFonts w:ascii="宋体" w:h-ansi="宋体" w:cs="宋体"/><wx:font wx:val="宋体"/><w:color w:val="000000"/><w:kern w:val="0"/><w:sz-cs w:val="21"/></w:rPr></w:pPr><w:r><w:rPr><w:rFonts w:ascii="宋体" w:h-ansi="宋体" w:cs="宋体" w:hint="fareast"/><wx:font wx:val="宋体"/><w:color w:val="000000"/><w:kern w:val="0"/><w:sz-cs w:val="21"/></w:rPr><w:t>开户行：${openBank}</w:t></w:r></w:p></w:tc></w:tr><w:tr wsp:rsidR="004C058D"><w:trPr><w:trHeight w:val="645"/></w:trPr><w:tc><w:tcPr><w:tcW w:w="5060" w:type="dxa"/><w:tcBorders><w:top w:val="nil"/><w:left w:val="single" w:sz="8" wx:bdrwidth="20" w:space="0" w:color="auto"/><w:bottom w:val="single" w:sz="8" wx:bdrwidth="20" w:space="0" w:color="auto"/><w:right w:val="single" w:sz="8" wx:bdrwidth="20" w:space="0" w:color="auto"/></w:tcBorders><w:vAlign w:val="center"/></w:tcPr><w:p wsp:rsidR="004C058D" wsp:rsidRDefault="004C058D"><w:pPr><w:widowControl/><w:rPr><w:rFonts w:ascii="宋体" w:h-ansi="宋体" w:cs="宋体"/><wx:font wx:val="宋体"/><w:color w:val="000000"/><w:kern w:val="0"/><w:sz-cs w:val="21"/></w:rPr></w:pPr><w:r><w:rPr><w:rFonts w:ascii="宋体" w:h-ansi="宋体" w:cs="宋体" w:hint="fareast"/><wx:font wx:val="宋体"/><w:color w:val="000000"/><w:kern w:val="0"/><w:sz-cs w:val="21"/></w:rPr><w:t>大写金额：${ordMoneyUpper}</w:t></w:r></w:p></w:tc><w:tc><w:tcPr><w:tcW w:w="5360" w:type="dxa"/><w:tcBorders><w:top w:val="nil"/><w:left w:val="nil"/><w:bottom w:val="single" w:sz="8" wx:bdrwidth="20" w:space="0" w:color="auto"/><w:right w:val="single" w:sz="8" wx:bdrwidth="20" w:space="0" w:color="auto"/></w:tcBorders><w:vAlign w:val="center"/></w:tcPr><w:p wsp:rsidR="004C058D" wsp:rsidRDefault="004C058D"><w:pPr><w:widowControl/><w:rPr><w:rFonts w:ascii="宋体" w:h-ansi="宋体" w:cs="宋体"/><wx:font wx:val="宋体"/><w:color w:val="000000"/><w:kern w:val="0"/><w:sz-cs w:val="21"/></w:rPr></w:pPr><w:r><w:rPr><w:rFonts w:ascii="宋体" w:h-ansi="宋体" w:cs="宋体" w:hint="fareast"/><wx:font wx:val="宋体"/><w:color w:val="000000"/><w:kern w:val="0"/><w:sz-cs w:val="21"/></w:rPr><w:t>小写金额：${ordMoney}</w:t></w:r></w:p></w:tc></w:tr><w:tr wsp:rsidR="004C058D"><w:trPr><w:trHeight w:val="645"/></w:trPr><w:tc><w:tcPr><w:tcW w:w="5060" w:type="dxa"/><w:vmerge w:val="restart"/><w:tcBorders><w:top w:val="nil"/><w:left w:val="single" w:sz="8" wx:bdrwidth="20" w:space="0" w:color="auto"/><w:bottom w:val="single" w:sz="8" wx:bdrwidth="20" w:space="0" w:color="000000"/><w:right w:val="single" w:sz="8" wx:bdrwidth="20" w:space="0" w:color="auto"/></w:tcBorders></w:tcPr><w:p wsp:rsidR="004C058D" wsp:rsidRDefault="004C058D"><w:pPr><w:widowControl/><w:rPr><w:rFonts w:ascii="宋体" w:h-ansi="宋体" w:cs="宋体"/><wx:font wx:val="宋体"/><w:color w:val="000000"/><w:kern w:val="0"/><w:sz-cs w:val="21"/></w:rPr></w:pPr><w:r><w:rPr><w:rFonts w:ascii="宋体" w:h-ansi="宋体" w:cs="宋体" w:hint="fareast"/><wx:font wx:val="宋体"/><w:color w:val="000000"/><w:kern w:val="0"/><w:sz-cs w:val="21"/></w:rPr><w:t>用途及备注：${usage}</w:t></w:r></w:p><w:p wsp:rsidR="004C058D" wsp:rsidRDefault="004C058D"><w:pPr><w:widowControl/><w:rPr><w:rFonts w:ascii="宋体" w:h-ansi="宋体" w:cs="宋体"/><wx:font wx:val="宋体"/><w:color w:val="000000"/><w:kern w:val="0"/><w:sz-cs w:val="21"/></w:rPr></w:pPr><w:r><w:rPr><w:rFonts w:ascii="宋体" w:h-ansi="宋体" w:cs="宋体" w:hint="fareast"/><wx:font wx:val="宋体"/><w:color w:val="000000"/><w:kern w:val="0"/><w:sz-cs w:val="21"/></w:rPr><w:t>${ordDesc}</w:t></w:r></w:p></w:tc><w:tc><w:tcPr><w:tcW w:w="5360" w:type="dxa"/><w:tcBorders><w:top w:val="nil"/><w:left w:val="nil"/><w:bottom w:val="nil"/><w:right w:val="single" w:sz="8" wx:bdrwidth="20" w:space="0" w:color="auto"/></w:tcBorders><w:vAlign w:val="center"/></w:tcPr><w:p wsp:rsidR="004C058D" wsp:rsidRDefault="004C058D"><w:pPr><w:widowControl/><w:jc w:val="left"/><w:rPr><w:rFonts w:ascii="宋体" w:h-ansi="宋体" w:cs="宋体"/><wx:font wx:val="宋体"/><w:color w:val="000000"/><w:kern w:val="0"/><w:sz-cs w:val="21"/></w:rPr></w:pPr><w:r><w:rPr><w:rFonts w:ascii="宋体" w:h-ansi="宋体" w:cs="宋体" w:hint="fareast"/><wx:font wx:val="宋体"/><w:color w:val="000000"/><w:kern w:val="0"/><w:sz-cs w:val="21"/></w:rPr><w:t>新华资产经办人：</w:t></w:r></w:p></w:tc></w:tr><w:tr wsp:rsidR="004C058D"><w:trPr><w:trHeight w:val="375"/></w:trPr><w:tc><w:tcPr><w:tcW w:w="5060" w:type="dxa"/><w:vmerge/><w:tcBorders><w:top w:val="nil"/><w:left w:val="single" w:sz="8" wx:bdrwidth="20" w:space="0" w:color="auto"/><w:bottom w:val="single" w:sz="8" wx:bdrwidth="20" w:space="0" w:color="000000"/><w:right w:val="single" w:sz="8" wx:bdrwidth="20" w:space="0" w:color="auto"/></w:tcBorders><w:vAlign w:val="center"/></w:tcPr><w:p wsp:rsidR="004C058D" wsp:rsidRDefault="004C058D"><w:pPr><w:widowControl/><w:jc w:val="left"/><w:rPr><w:rFonts w:ascii="宋体" w:h-ansi="宋体" w:cs="宋体"/><wx:font wx:val="宋体"/><w:color w:val="000000"/><w:kern w:val="0"/><w:sz-cs w:val="21"/></w:rPr></w:pPr></w:p></w:tc><w:tc><w:tcPr><w:tcW w:w="5360" w:type="dxa"/><w:tcBorders><w:top w:val="nil"/><w:left w:val="nil"/><w:bottom w:val="nil"/><w:right w:val="single" w:sz="8" wx:bdrwidth="20" w:space="0" w:color="auto"/></w:tcBorders><w:vAlign w:val="center"/></w:tcPr><w:p wsp:rsidR="004C058D" wsp:rsidRDefault="004C058D"><w:pPr><w:widowControl/><w:jc w:val="left"/><w:rPr><w:rFonts w:ascii="Times New Roman" w:h-ansi="Times New Roman"/><wx:font wx:val="Times New Roman"/><w:color w:val="000000"/><w:kern w:val="0"/><w:sz-cs w:val="21"/></w:rPr></w:pPr><w:r><w:rPr><w:rFonts w:ascii="Times New Roman" w:h-ansi="Times New Roman"/><wx:font wx:val="宋体"/><w:color w:val="000000"/><w:kern w:val="0"/><w:sz-cs w:val="21"/></w:rPr><w:t>　</w:t></w:r><w:r wsp:rsidR="00D13547"><w:rPr><w:rFonts w:ascii="Times New Roman" w:h-ansi="Times New Roman"/><wx:font wx:val="Times New Roman"/><w:color w:val="000000"/><w:kern w:val="0"/><w:sz-cs w:val="21"/></w:rPr><w:pict><w:binData w:name="wordml://03000002.png" xml:space="preserve">${createLogo}
</w:binData><v:shape id="图片 7" o:spid="_x0000_i1025" type="#_x0000_t75" style="width:125.25pt;height:30.75pt;mso-position-horizontal:absolute"><v:imagedata src="wordml://03000002.png" o:title="orgLogo"/><o:lock v:ext="edit" aspectratio="f"/></v:shape></w:pict></w:r></w:p></w:tc></w:tr><w:tr wsp:rsidR="004C058D"><w:trPr><w:trHeight w:val="645"/></w:trPr><w:tc><w:tcPr><w:tcW w:w="5060" w:type="dxa"/><w:vmerge/><w:tcBorders><w:top w:val="nil"/><w:left w:val="single" w:sz="8" wx:bdrwidth="20" w:space="0" w:color="auto"/><w:bottom w:val="single" w:sz="8" wx:bdrwidth="20" w:space="0" w:color="000000"/><w:right w:val="single" w:sz="8" wx:bdrwidth="20" w:space="0" w:color="auto"/></w:tcBorders><w:vAlign w:val="center"/></w:tcPr><w:p wsp:rsidR="004C058D" wsp:rsidRDefault="004C058D"><w:pPr><w:widowControl/><w:jc w:val="left"/><w:rPr><w:rFonts w:ascii="宋体" w:h-ansi="宋体" w:cs="宋体"/><wx:font wx:val="宋体"/><w:color w:val="000000"/><w:kern w:val="0"/><w:sz-cs w:val="21"/></w:rPr></w:pPr></w:p></w:tc><w:tc><w:tcPr><w:tcW w:w="5360" w:type="dxa"/><w:tcBorders><w:top w:val="nil"/><w:left w:val="nil"/><w:bottom w:val="nil"/><w:right w:val="single" w:sz="8" wx:bdrwidth="20" w:space="0" w:color="auto"/></w:tcBorders><w:vAlign w:val="center"/></w:tcPr><w:p wsp:rsidR="004C058D" wsp:rsidRDefault="004C058D"><w:pPr><w:widowControl/><w:jc w:val="left"/><w:rPr><w:rFonts w:ascii="宋体" w:h-ansi="宋体" w:cs="宋体"/><wx:font wx:val="宋体"/><w:color w:val="000000"/><w:kern w:val="0"/><w:sz-cs w:val="21"/></w:rPr></w:pPr><w:r><w:rPr><w:rFonts w:ascii="宋体" w:h-ansi="宋体" w:cs="宋体" w:hint="fareast"/><wx:font wx:val="宋体"/><w:color w:val="000000"/><w:kern w:val="0"/><w:sz-cs w:val="21"/></w:rPr><w:t>新华资产复核人：</w:t></w:r></w:p></w:tc></w:tr><w:tr wsp:rsidR="004C058D"><w:trPr><w:trHeight w:val="465"/></w:trPr><w:tc><w:tcPr><w:tcW w:w="5060" w:type="dxa"/><w:vmerge/><w:tcBorders><w:top w:val="nil"/><w:left w:val="single" w:sz="8" wx:bdrwidth="20" w:space="0" w:color="auto"/><w:bottom w:val="single" w:sz="8" wx:bdrwidth="20" w:space="0" w:color="000000"/><w:right w:val="single" w:sz="8" wx:bdrwidth="20" w:space="0" w:color="auto"/></w:tcBorders><w:vAlign w:val="center"/></w:tcPr><w:p wsp:rsidR="004C058D" wsp:rsidRDefault="004C058D"><w:pPr><w:widowControl/><w:jc w:val="left"/><w:rPr><w:rFonts w:ascii="宋体" w:h-ansi="宋体" w:cs="宋体"/><wx:font wx:val="宋体"/><w:color w:val="000000"/><w:kern w:val="0"/><w:sz-cs w:val="21"/></w:rPr></w:pPr></w:p></w:tc><w:tc><w:tcPr><w:tcW w:w="5360" w:type="dxa"/><w:tcBorders><w:top w:val="nil"/><w:left w:val="nil"/><w:bottom w:val="nil"/><w:right w:val="single" w:sz="8" wx:bdrwidth="20" w:space="0" w:color="auto"/></w:tcBorders><w:vAlign w:val="center"/></w:tcPr><w:p wsp:rsidR="004C058D" wsp:rsidRDefault="00D13547"><w:pPr><w:widowControl/><w:jc w:val="left"/><w:rPr><w:rFonts w:ascii="Times New Roman" w:h-ansi="Times New Roman"/><wx:font wx:val="Times New Roman"/><w:color w:val="000000"/><w:kern w:val="0"/><w:sz-cs w:val="21"/></w:rPr></w:pPr><w:r><w:rPr><w:rFonts w:ascii="宋体" w:h-ansi="宋体" w:cs="宋体"/><wx:font wx:val="宋体"/><w:color w:val="000000"/><w:kern w:val="0"/><w:sz-cs w:val="21"/></w:rPr><w:pict><w:binData w:name="wordml://03000003.png" xml:space="preserve">${orgLogo}
</w:binData><v:shape id="图片 9" o:spid="_x0000_s1027" type="#_x0000_t75" style="position:absolute;margin-left:154.5pt;margin-top:24.15pt;width:88.45pt;height:88.45pt;z-index:2;mso-position-horizontal-relative:text;mso-position-vertical-relative:text"><v:imagedata src="wordml://03000003.png" o:title="tzr"/><o:lock v:ext="edit" aspectratio="f"/></v:shape></w:pict></w:r><w:r wsp:rsidR="004C058D"><w:rPr><w:rFonts w:ascii="Times New Roman" w:h-ansi="Times New Roman"/><wx:font wx:val="宋体"/><w:color w:val="000000"/><w:kern w:val="0"/><w:sz-cs w:val="21"/></w:rPr><w:t>　</w:t></w:r><w:r><w:rPr><w:rFonts w:ascii="Times New Roman" w:h-ansi="Times New Roman"/><wx:font wx:val="Times New Roman"/><w:color w:val="000000"/><w:kern w:val="0"/><w:sz-cs w:val="21"/></w:rPr><w:pict><w:binData w:name="wordml://03000004.png" xml:space="preserve">${reviewLogo}
</w:binData><v:shape id="图片 8" o:spid="_x0000_i1026" type="#_x0000_t75" style="width:125.25pt;height:28.5pt"><v:imagedata src="wordml://03000004.png" o:title="operLogo"/><o:lock v:ext="edit" aspectratio="f"/></v:shape></w:pict></w:r></w:p></w:tc></w:tr><w:tr wsp:rsidR="004C058D"><w:trPr><w:trHeight w:val="645"/></w:trPr><w:tc><w:tcPr><w:tcW w:w="5060" w:type="dxa"/><w:vmerge/><w:tcBorders><w:top w:val="nil"/><w:left w:val="single" w:sz="8" wx:bdrwidth="20" w:space="0" w:color="auto"/><w:bottom w:val="single" w:sz="8" wx:bdrwidth="20" w:space="0" w:color="000000"/><w:right w:val="single" w:sz="8" wx:bdrwidth="20" w:space="0" w:color="auto"/></w:tcBorders><w:vAlign w:val="center"/></w:tcPr><w:p wsp:rsidR="004C058D" wsp:rsidRDefault="004C058D"><w:pPr><w:widowControl/><w:jc w:val="left"/><w:rPr><w:rFonts w:ascii="宋体" w:h-ansi="宋体" w:cs="宋体"/><wx:font wx:val="宋体"/><w:color w:val="000000"/><w:kern w:val="0"/><w:sz-cs w:val="21"/></w:rPr></w:pPr></w:p></w:tc><w:tc><w:tcPr><w:tcW w:w="5360" w:type="dxa"/><w:tcBorders><w:top w:val="nil"/><w:left w:val="nil"/><w:bottom w:val="nil"/><w:right w:val="single" w:sz="8" wx:bdrwidth="20" w:space="0" w:color="auto"/></w:tcBorders><w:vAlign w:val="center"/></w:tcPr><w:p wsp:rsidR="004C058D" wsp:rsidRDefault="004C058D"><w:pPr><w:widowControl/><w:jc w:val="left"/><w:rPr><w:rFonts w:ascii="宋体" w:h-ansi="宋体" w:cs="宋体"/><wx:font wx:val="宋体"/><w:color w:val="000000"/><w:kern w:val="0"/><w:sz-cs w:val="21"/></w:rPr></w:pPr><w:r><w:rPr><w:rFonts w:ascii="宋体" w:h-ansi="宋体" w:cs="宋体" w:hint="fareast"/><wx:font wx:val="宋体"/><w:color w:val="000000"/><w:kern w:val="0"/><w:sz-cs w:val="21"/></w:rPr><w:t>新华资产预留印鉴盖章处：</w:t></w:r></w:p></w:tc></w:tr><w:tr wsp:rsidR="004C058D"><w:trPr><w:trHeight w:val="960"/></w:trPr><w:tc><w:tcPr><w:tcW w:w="5060" w:type="dxa"/><w:vmerge/><w:tcBorders><w:top w:val="nil"/><w:left w:val="single" w:sz="8" wx:bdrwidth="20" w:space="0" w:color="auto"/><w:bottom w:val="single" w:sz="8" wx:bdrwidth="20" w:space="0" w:color="000000"/><w:right w:val="single" w:sz="8" wx:bdrwidth="20" w:space="0" w:color="auto"/></w:tcBorders><w:vAlign w:val="center"/></w:tcPr><w:p wsp:rsidR="004C058D" wsp:rsidRDefault="004C058D"><w:pPr><w:widowControl/><w:jc w:val="left"/><w:rPr><w:rFonts w:ascii="宋体" w:h-ansi="宋体" w:cs="宋体"/><wx:font wx:val="宋体"/><w:color w:val="000000"/><w:kern w:val="0"/><w:sz-cs w:val="21"/></w:rPr></w:pPr></w:p></w:tc><w:tc><w:tcPr><w:tcW w:w="5360" w:type="dxa"/><w:tcBorders><w:top w:val="nil"/><w:left w:val="nil"/><w:bottom w:val="single" w:sz="8" wx:bdrwidth="20" w:space="0" w:color="auto"/><w:right w:val="single" w:sz="8" wx:bdrwidth="20" w:space="0" w:color="auto"/></w:tcBorders><w:vAlign w:val="center"/></w:tcPr><w:p wsp:rsidR="004C058D" wsp:rsidRDefault="004C058D"><w:pPr><w:widowControl/><w:jc w:val="left"/><w:rPr><w:rFonts w:ascii="宋体" w:h-ansi="宋体" w:cs="宋体"/><wx:font wx:val="宋体"/><w:color w:val="000000"/><w:kern w:val="0"/><w:sz-cs w:val="21"/></w:rPr></w:pPr><w:r><w:rPr><w:rFonts w:ascii="宋体" w:h-ansi="宋体" w:cs="宋体" w:hint="fareast"/><wx:font wx:val="宋体"/><w:color w:val="000000"/><w:kern w:val="0"/><w:sz-cs w:val="21"/></w:rPr><w:t>　</w:t></w:r></w:p></w:tc></w:tr><w:tr wsp:rsidR="004C058D"><w:trPr><w:trHeight w:val="645"/></w:trPr><w:tc><w:tcPr><w:tcW w:w="5060" w:type="dxa"/><w:vmerge/><w:tcBorders><w:top w:val="nil"/><w:left w:val="single" w:sz="8" wx:bdrwidth="20" w:space="0" w:color="auto"/><w:bottom w:val="single" w:sz="8" wx:bdrwidth="20" w:space="0" w:color="000000"/><w:right w:val="single" w:sz="8" wx:bdrwidth="20" w:space="0" w:color="auto"/></w:tcBorders><w:vAlign w:val="center"/></w:tcPr><w:p wsp:rsidR="004C058D" wsp:rsidRDefault="004C058D"><w:pPr><w:widowControl/><w:jc w:val="left"/><w:rPr><w:rFonts w:ascii="宋体" w:h-ansi="宋体" w:cs="宋体"/><wx:font wx:val="宋体"/><w:color w:val="000000"/><w:kern w:val="0"/><w:sz-cs w:val="21"/></w:rPr></w:pPr></w:p></w:tc><w:tc><w:tcPr><w:tcW w:w="5360" w:type="dxa"/><w:tcBorders><w:top w:val="nil"/><w:left w:val="nil"/><w:bottom w:val="nil"/><w:right w:val="single" w:sz="8" wx:bdrwidth="20" w:space="0" w:color="auto"/></w:tcBorders><w:vAlign w:val="center"/></w:tcPr><w:p wsp:rsidR="004C058D" wsp:rsidRDefault="004C058D"><w:pPr><w:widowControl/><w:jc w:val="left"/><w:rPr><w:rFonts w:ascii="宋体" w:h-ansi="宋体" w:cs="宋体"/><wx:font wx:val="宋体"/><w:color w:val="000000"/><w:kern w:val="0"/><w:sz-cs w:val="21"/></w:rPr></w:pPr><w:r><w:rPr><w:rFonts w:ascii="宋体" w:h-ansi="宋体" w:cs="宋体" w:hint="fareast"/><wx:font wx:val="宋体"/><w:color w:val="000000"/><w:kern w:val="0"/><w:sz-cs w:val="21"/></w:rPr><w:t>托管行经办人：</w:t></w:r></w:p></w:tc></w:tr><w:tr wsp:rsidR="004C058D"><w:trPr><w:trHeight w:val="450"/></w:trPr><w:tc><w:tcPr><w:tcW w:w="5060" w:type="dxa"/><w:vmerge/><w:tcBorders><w:top w:val="nil"/><w:left w:val="single" w:sz="8" wx:bdrwidth="20" w:space="0" w:color="auto"/><w:bottom w:val="single" w:sz="8" wx:bdrwidth="20" w:space="0" w:color="000000"/><w:right w:val="single" w:sz="8" wx:bdrwidth="20" w:space="0" w:color="auto"/></w:tcBorders><w:vAlign w:val="center"/></w:tcPr><w:p wsp:rsidR="004C058D" wsp:rsidRDefault="004C058D"><w:pPr><w:widowControl/><w:jc w:val="left"/><w:rPr><w:rFonts w:ascii="宋体" w:h-ansi="宋体" w:cs="宋体"/><wx:font wx:val="宋体"/><w:color w:val="000000"/><w:kern w:val="0"/><w:sz-cs w:val="21"/></w:rPr></w:pPr></w:p></w:tc><w:tc><w:tcPr><w:tcW w:w="5360" w:type="dxa"/><w:tcBorders><w:top w:val="nil"/><w:left w:val="nil"/><w:bottom w:val="nil"/><w:right w:val="single" w:sz="8" wx:bdrwidth="20" w:space="0" w:color="auto"/></w:tcBorders><w:vAlign w:val="center"/></w:tcPr><w:p wsp:rsidR="004C058D" wsp:rsidRDefault="004C058D"><w:pPr><w:widowControl/><w:jc w:val="left"/><w:rPr><w:rFonts w:ascii="Times New Roman" w:h-ansi="Times New Roman"/><wx:font wx:val="Times New Roman"/><w:color w:val="000000"/><w:kern w:val="0"/><w:sz-cs w:val="21"/></w:rPr></w:pPr><w:r><w:rPr><w:rFonts w:ascii="Times New Roman" w:h-ansi="Times New Roman"/><wx:font wx:val="宋体"/><w:color w:val="000000"/><w:kern w:val="0"/><w:sz-cs w:val="21"/></w:rPr><w:t>　</w:t></w:r><w:r><w:rPr><w:rFonts w:ascii="Times New Roman" w:h-ansi="Times New Roman" w:hint="fareast"/><wx:font wx:val="Times New Roman"/><w:color w:val="000000"/><w:kern w:val="0"/><w:sz-cs w:val="21"/></w:rPr><w:t>${createBy}</w:t></w:r></w:p></w:tc></w:tr><w:tr wsp:rsidR="004C058D"><w:trPr><w:trHeight w:val="645"/></w:trPr><w:tc><w:tcPr><w:tcW w:w="5060" w:type="dxa"/><w:vmerge/><w:tcBorders><w:top w:val="nil"/><w:left w:val="single" w:sz="8" wx:bdrwidth="20" w:space="0" w:color="auto"/><w:bottom w:val="single" w:sz="8" wx:bdrwidth="20" w:space="0" w:color="000000"/><w:right w:val="single" w:sz="8" wx:bdrwidth="20" w:space="0" w:color="auto"/></w:tcBorders><w:vAlign w:val="center"/></w:tcPr><w:p wsp:rsidR="004C058D" wsp:rsidRDefault="004C058D"><w:pPr><w:widowControl/><w:jc w:val="left"/><w:rPr><w:rFonts w:ascii="宋体" w:h-ansi="宋体" w:cs="宋体"/><wx:font wx:val="宋体"/><w:color w:val="000000"/><w:kern w:val="0"/><w:sz-cs w:val="21"/></w:rPr></w:pPr></w:p></w:tc><w:tc><w:tcPr><w:tcW w:w="5360" w:type="dxa"/><w:tcBorders><w:top w:val="nil"/><w:left w:val="nil"/><w:bottom w:val="nil"/><w:right w:val="single" w:sz="8" wx:bdrwidth="20" w:space="0" w:color="auto"/></w:tcBorders><w:vAlign w:val="center"/></w:tcPr><w:p wsp:rsidR="004C058D" wsp:rsidRDefault="004C058D"><w:pPr><w:widowControl/><w:jc w:val="left"/><w:rPr><w:rFonts w:ascii="宋体" w:h-ansi="宋体" w:cs="宋体"/><wx:font wx:val="宋体"/><w:color w:val="000000"/><w:kern w:val="0"/><w:sz-cs w:val="21"/></w:rPr></w:pPr><w:r><w:rPr><w:rFonts w:ascii="宋体" w:h-ansi="宋体" w:cs="宋体" w:hint="fareast"/><wx:font wx:val="宋体"/><w:color w:val="000000"/><w:kern w:val="0"/><w:sz-cs w:val="21"/></w:rPr><w:t>托管行复核人：</w:t></w:r></w:p></w:tc></w:tr><w:tr wsp:rsidR="004C058D"><w:trPr><w:trHeight w:val="375"/></w:trPr><w:tc><w:tcPr><w:tcW w:w="5060" w:type="dxa"/><w:vmerge/><w:tcBorders><w:top w:val="nil"/><w:left w:val="single" w:sz="8" wx:bdrwidth="20" w:space="0" w:color="auto"/><w:bottom w:val="single" w:sz="8" wx:bdrwidth="20" w:space="0" w:color="000000"/><w:right w:val="single" w:sz="8" wx:bdrwidth="20" w:space="0" w:color="auto"/></w:tcBorders><w:vAlign w:val="center"/></w:tcPr><w:p wsp:rsidR="004C058D" wsp:rsidRDefault="004C058D"><w:pPr><w:widowControl/><w:jc w:val="left"/><w:rPr><w:rFonts w:ascii="宋体" w:h-ansi="宋体" w:cs="宋体"/><wx:font wx:val="宋体"/><w:color w:val="000000"/><w:kern w:val="0"/><w:sz-cs w:val="21"/></w:rPr></w:pPr></w:p></w:tc><w:tc><w:tcPr><w:tcW w:w="5360" w:type="dxa"/><w:tcBorders><w:top w:val="nil"/><w:left w:val="nil"/><w:bottom w:val="nil"/><w:right w:val="single" w:sz="8" wx:bdrwidth="20" w:space="0" w:color="auto"/></w:tcBorders><w:vAlign w:val="center"/></w:tcPr><w:p wsp:rsidR="004C058D" wsp:rsidRDefault="004C058D"><w:pPr><w:widowControl/><w:jc w:val="left"/><w:rPr><w:rFonts w:ascii="Times New Roman" w:h-ansi="Times New Roman"/><wx:font wx:val="Times New Roman"/><w:color w:val="000000"/><w:kern w:val="0"/><w:sz-cs w:val="21"/></w:rPr></w:pPr><w:r><w:rPr><w:rFonts w:ascii="Times New Roman" w:h-ansi="Times New Roman"/><wx:font wx:val="宋体"/><w:color w:val="000000"/><w:kern w:val="0"/><w:sz-cs w:val="21"/></w:rPr><w:t>　</w:t></w:r><w:r><w:rPr><w:rFonts w:ascii="Times New Roman" w:h-ansi="Times New Roman" w:hint="fareast"/><wx:font wx:val="Times New Roman"/><w:color w:val="000000"/><w:kern w:val="0"/><w:sz-cs w:val="21"/></w:rPr><w:t>${updateBy}</w:t></w:r></w:p></w:tc></w:tr><w:tr wsp:rsidR="004C058D"><w:trPr><w:trHeight w:val="645"/></w:trPr><w:tc><w:tcPr><w:tcW w:w="5060" w:type="dxa"/><w:vmerge/><w:tcBorders><w:top w:val="nil"/><w:left w:val="single" w:sz="8" wx:bdrwidth="20" w:space="0" w:color="auto"/><w:bottom w:val="single" w:sz="8" wx:bdrwidth="20" w:space="0" w:color="000000"/><w:right w:val="single" w:sz="8" wx:bdrwidth="20" w:space="0" w:color="auto"/></w:tcBorders><w:vAlign w:val="center"/></w:tcPr><w:p wsp:rsidR="004C058D" wsp:rsidRDefault="004C058D"><w:pPr><w:widowControl/><w:jc w:val="left"/><w:rPr><w:rFonts w:ascii="宋体" w:h-ansi="宋体" w:cs="宋体"/><wx:font wx:val="宋体"/><w:color w:val="000000"/><w:kern w:val="0"/><w:sz-cs w:val="21"/></w:rPr></w:pPr></w:p></w:tc><w:tc><w:tcPr><w:tcW w:w="5360" w:type="dxa"/><w:tcBorders><w:top w:val="nil"/><w:left w:val="nil"/><w:bottom w:val="nil"/><w:right w:val="single" w:sz="8" wx:bdrwidth="20" w:space="0" w:color="auto"/></w:tcBorders><w:vAlign w:val="center"/></w:tcPr><w:p wsp:rsidR="004C058D" wsp:rsidRDefault="004C058D"><w:pPr><w:widowControl/><w:jc w:val="left"/><w:rPr><w:rFonts w:ascii="宋体" w:h-ansi="宋体" w:cs="宋体"/><wx:font wx:val="宋体"/><w:color w:val="000000"/><w:kern w:val="0"/><w:sz-cs w:val="21"/></w:rPr></w:pPr><w:r><w:rPr><w:rFonts w:ascii="宋体" w:h-ansi="宋体" w:cs="宋体" w:hint="fareast"/><wx:font wx:val="宋体"/><w:color w:val="000000"/><w:kern w:val="0"/><w:sz-cs w:val="21"/></w:rPr><w:t>托管行审核人：</w:t></w:r></w:p></w:tc></w:tr><w:tr wsp:rsidR="004C058D"><w:trPr><w:trHeight w:val="480"/></w:trPr><w:tc><w:tcPr><w:tcW w:w="5060" w:type="dxa"/><w:vmerge/><w:tcBorders><w:top w:val="nil"/><w:left w:val="single" w:sz="8" wx:bdrwidth="20" w:space="0" w:color="auto"/><w:bottom w:val="single" w:sz="8" wx:bdrwidth="20" w:space="0" w:color="000000"/><w:right w:val="single" w:sz="8" wx:bdrwidth="20" w:space="0" w:color="auto"/></w:tcBorders><w:vAlign w:val="center"/></w:tcPr><w:p wsp:rsidR="004C058D" wsp:rsidRDefault="004C058D"><w:pPr><w:widowControl/><w:jc w:val="left"/><w:rPr><w:rFonts w:ascii="宋体" w:h-ansi="宋体" w:cs="宋体"/><wx:font wx:val="宋体"/><w:color w:val="000000"/><w:kern w:val="0"/><w:sz-cs w:val="21"/></w:rPr></w:pPr></w:p></w:tc><w:tc><w:tcPr><w:tcW w:w="5360" w:type="dxa"/><w:tcBorders><w:top w:val="nil"/><w:left w:val="nil"/><w:bottom w:val="nil"/><w:right w:val="single" w:sz="8" wx:bdrwidth="20" w:space="0" w:color="auto"/></w:tcBorders><w:vAlign w:val="center"/></w:tcPr><w:p wsp:rsidR="004C058D" wsp:rsidRDefault="004C058D"><w:pPr><w:widowControl/><w:jc w:val="left"/><w:rPr><w:rFonts w:ascii="Times New Roman" w:h-ansi="Times New Roman"/><wx:font wx:val="Times New Roman"/><w:color w:val="000000"/><w:kern w:val="0"/><w:sz-cs w:val="21"/></w:rPr></w:pPr><w:r><w:rPr><w:rFonts w:ascii="Times New Roman" w:h-ansi="Times New Roman"/><wx:font wx:val="宋体"/><w:color w:val="000000"/><w:kern w:val="0"/><w:sz-cs w:val="21"/></w:rPr><w:t>　</w:t></w:r><w:r><w:rPr><w:rFonts w:ascii="Times New Roman" w:h-ansi="Times New Roman" w:hint="fareast"/><wx:font wx:val="Times New Roman"/><w:color w:val="000000"/><w:kern w:val="0"/><w:sz-cs w:val="21"/></w:rPr><w:t>${checkBy}</w:t></w:r></w:p></w:tc></w:tr><w:tr wsp:rsidR="004C058D"><w:trPr><w:trHeight w:val="645"/></w:trPr><w:tc><w:tcPr><w:tcW w:w="5060" w:type="dxa"/><w:vmerge/><w:tcBorders><w:top w:val="nil"/><w:left w:val="single" w:sz="8" wx:bdrwidth="20" w:space="0" w:color="auto"/><w:bottom w:val="single" w:sz="8" wx:bdrwidth="20" w:space="0" w:color="000000"/><w:right w:val="single" w:sz="8" wx:bdrwidth="20" w:space="0" w:color="auto"/></w:tcBorders><w:vAlign w:val="center"/></w:tcPr><w:p wsp:rsidR="004C058D" wsp:rsidRDefault="004C058D"><w:pPr><w:widowControl/><w:jc w:val="left"/><w:rPr><w:rFonts w:ascii="宋体" w:h-ansi="宋体" w:cs="宋体"/><wx:font wx:val="宋体"/><w:color w:val="000000"/><w:kern w:val="0"/><w:sz-cs w:val="21"/></w:rPr></w:pPr></w:p></w:tc><w:tc><w:tcPr><w:tcW w:w="5360" w:type="dxa"/><w:tcBorders><w:top w:val="nil"/><w:left w:val="nil"/><w:bottom w:val="nil"/><w:right w:val="single" w:sz="8" wx:bdrwidth="20" w:space="0" w:color="auto"/></w:tcBorders><w:vAlign w:val="center"/></w:tcPr><w:p wsp:rsidR="004C058D" wsp:rsidRDefault="004C058D"><w:pPr><w:widowControl/><w:jc w:val="left"/><w:rPr><w:rFonts w:ascii="宋体" w:h-ansi="宋体" w:cs="宋体"/><wx:font wx:val="宋体"/><w:color w:val="000000"/><w:kern w:val="0"/><w:sz-cs w:val="21"/></w:rPr></w:pPr><w:r><w:rPr><w:rFonts w:ascii="宋体" w:h-ansi="宋体" w:cs="宋体" w:hint="fareast"/><wx:font wx:val="宋体"/><w:color w:val="000000"/><w:kern w:val="0"/><w:sz-cs w:val="21"/></w:rPr><w:t>托管行业务印鉴：</w:t></w:r></w:p></w:tc></w:tr><w:tr wsp:rsidR="004C058D"><w:trPr><w:trHeight w:val="645"/></w:trPr><w:tc><w:tcPr><w:tcW w:w="5060" w:type="dxa"/><w:vmerge/><w:tcBorders><w:top w:val="nil"/><w:left w:val="single" w:sz="8" wx:bdrwidth="20" w:space="0" w:color="auto"/><w:bottom w:val="single" w:sz="8" wx:bdrwidth="20" w:space="0" w:color="000000"/><w:right w:val="single" w:sz="8" wx:bdrwidth="20" w:space="0" w:color="auto"/></w:tcBorders><w:vAlign w:val="center"/></w:tcPr><w:p wsp:rsidR="004C058D" wsp:rsidRDefault="004C058D"><w:pPr><w:widowControl/><w:jc w:val="left"/><w:rPr><w:rFonts w:ascii="宋体" w:h-ansi="宋体" w:cs="宋体"/><wx:font wx:val="宋体"/><w:color w:val="000000"/><w:kern w:val="0"/><w:sz-cs w:val="21"/></w:rPr></w:pPr></w:p></w:tc><w:tc><w:tcPr><w:tcW w:w="5360" w:type="dxa"/><w:tcBorders><w:top w:val="nil"/><w:left w:val="nil"/><w:bottom w:val="single" w:sz="8" wx:bdrwidth="20" w:space="0" w:color="auto"/><w:right w:val="single" w:sz="8" wx:bdrwidth="20" w:space="0" w:color="auto"/></w:tcBorders><w:vAlign w:val="center"/></w:tcPr><w:p wsp:rsidR="004C058D" wsp:rsidRDefault="004C058D"><w:pPr><w:widowControl/><w:jc w:val="left"/><w:rPr><w:rFonts w:ascii="Times New Roman" w:h-ansi="Times New Roman"/><wx:font wx:val="Times New Roman"/><w:color w:val="000000"/><w:kern w:val="0"/><w:sz-cs w:val="21"/></w:rPr></w:pPr><w:r><w:rPr><w:rFonts w:ascii="Times New Roman" w:h-ansi="Times New Roman"/><wx:font wx:val="宋体"/><w:color w:val="000000"/><w:kern w:val="0"/><w:sz-cs w:val="21"/></w:rPr><w:t>　</w:t></w:r></w:p></w:tc></w:tr><w:tr wsp:rsidR="004C058D"><w:trPr><w:trHeight w:val="645"/></w:trPr><w:tc><w:tcPr><w:tcW w:w="5060" w:type="dxa"/><w:tcBorders><w:top w:val="nil"/><w:left w:val="nil"/><w:bottom w:val="nil"/><w:right w:val="nil"/></w:tcBorders><w:vAlign w:val="center"/></w:tcPr><w:p wsp:rsidR="004C058D" wsp:rsidRDefault="004C058D"><w:pPr><w:widowControl/><w:rPr><w:rFonts w:ascii="宋体" w:h-ansi="宋体" w:cs="宋体"/><wx:font wx:val="宋体"/><w:color w:val="000000"/><w:kern w:val="0"/><w:sz-cs w:val="21"/></w:rPr></w:pPr><w:r><w:rPr><w:rFonts w:ascii="宋体" w:h-ansi="宋体" w:cs="宋体" w:hint="fareast"/><wx:font wx:val="宋体"/><w:color w:val="000000"/><w:kern w:val="0"/><w:sz-cs w:val="21"/></w:rPr><w:t>重要提示：接此通知后，应按照指令立即操作。</w:t></w:r></w:p></w:tc><w:tc><w:tcPr><w:tcW w:w="5360" w:type="dxa"/><w:tcBorders><w:top w:val="nil"/><w:left w:val="nil"/><w:bottom w:val="nil"/><w:right w:val="nil"/></w:tcBorders><w:vAlign w:val="center"/></w:tcPr><w:p wsp:rsidR="004C058D" wsp:rsidRDefault="004C058D"><w:pPr><w:widowControl/><w:jc w:val="left"/><w:rPr><w:rFonts w:ascii="宋体" w:h-ansi="宋体" w:cs="宋体"/><wx:font wx:val="宋体"/><w:color w:val="000000"/><w:kern w:val="0"/><w:sz w:val="22"/></w:rPr></w:pPr></w:p></w:tc></w:tr></w:tbl><w:p wsp:rsidR="004C058D" wsp:rsidRDefault="004C058D"/><w:sectPr wsp:rsidR="004C058D"><w:pgSz w:w="11906" w:h="16838"/><w:pgMar w:top="1440" w:right="1800" w:bottom="1440" w:left="1800" w:header="851" w:footer="992" w:gutter="0"/><w:cols w:space="720"/><w:docGrid w:type="lines" w:line-pitch="312"/></w:sectPr></w:body></w:wordDocument>