<?xml version="1.0" encoding="UTF-8"?>
<Readme>
  <Standard>
    <TempCode>KHZL_JJZH</TempCode>
    <TempName>基金账户指令书</TempName>
    <TempVersion>V4.0.0.0.1</TempVersion>
    <TempType>TEMP_ZL</TempType>
    <TempSecurity></TempSecurity>
    <TempDesc>基金账户指令书</TempDesc>
    <InsName>基金账户指令书${iden}.xml</InsName>
  <InsSuff>doc</InsSuff>
  </Standard>
  <ServerMode mode="Sql">
  <SqlConfig>
  <SqlCode>SQL_ZL</SqlCode>
  <SqlName>基金开户信息</SqlName>
  <Sql>
  select 
	a.c_iden as iden,
	to_char(a.d_ord,'yyyy.MM.dd') as ordTime,
	case trim(a.c_ord_type) when 'KH_FUND_OPEN' then '√' else ' ' end as kh ,
	case trim(a.c_ord_type) when 'KH_FUND_CLOSE' then '√' else ' ' end as chexiao ,
	case trim(a.c_ord_type) when 'KH_FUND_UPDATE' then '√' else ' ' end as bg,
	case trim(a.c_urg_mark) when 'KH_DAILY' then '√' else ' ' end as pt ,
	case trim(a.c_urg_mark) when 'KH_URG' then '√' else ' ' end as jj ,
	a.c_org_code as orgName,
	nvl(a.c_open_acc_name,' ') as openAccName,
	case trim(a.c_dv_acc_type) when 'ZJ_TA' then '√' else ' ' end as zj ,
	case trim(a.c_dv_acc_type) when 'SHZD_JCH' then '√' else ' ' end as shjch ,
	case trim(a.c_dv_acc_type) when 'SHZD_FJCH' then '√' else ' ' end as shfjch ,
    case trim(a.c_dv_acc_type) when 'SZZD_JCH' then '√' else ' ' end as szjch ,
    case trim(a.c_dv_acc_type) when 'SZZD_FJCH' then '√' else ' ' end as szfjch ,
  a.c_open_acc_no as openAccNo,
  case trim(a.c_ds_code) when 'XJ_FH' then '√' else ' ' end as xj ,
  case trim(a.c_ds_code) when 'HL_ZTZ' then '√' else ' ' end as ztz ,
  case trim(a.c_td_type) when 'OTC_TRADE' then '√' else ' ' end as gtjy ,
  case trim(a.c_td_type) when 'FAX_TRADE' then '√' else ' ' end as cz ,
  nvl(a.c_link_man,' ') as linkMan,
  nvl(a.c_link_no,' ')  as linkNo,
  replace(nvl(a.c_link_tel,' '),'-','') as linkTel,
  nvl(a.c_mo_tel,' ') as mobilNo,
  replace(nvl(a.c_fax,' '),'-','') as faxNo,
  nvl(a.c_link_addr,' ') as linkAddr,
  nvl(a.c_desc,' ') as beizhu,
  e.c_img_path as createLogo, 
  f.c_img_path as reviewLogo,
  g.c_img_path as checkLogo
  from t_c_oa_mgr a 
  left join t_p_bi_org b on a.c_org_code=b.c_org_code
  left join (select * from t_c_cp_seal where  c_dv_seal = 'peosignature') e on 
  e.c_seal_man = A.C_CREATE_BY
  left join (select * from t_c_cp_seal where  c_dv_seal = 'peosignature') f on 
  f.c_seal_man = A.C_REVIEW_BY 
  left join (select * from t_c_cp_seal where  c_dv_seal = 'peosignature') g on 
  g.c_seal_man = A.C_CHECK_BY 
  where a.c_iden in (select * from table(?))
  </Sql>
  </SqlConfig>
  </ServerMode>
  <ElemConfig>
	<Element ElemCode="iden" ElemName="主键" ElemType="ELEM_SERVER"/>
	<Element ElemCode="ordTime" ElemName="指令日期" ElemType="ELEM_SERVER"/>	   
	<Element ElemCode="kh" ElemName="业务内容-开户" ElemType="ELEM_SERVER"/>	   
	<Element ElemCode="chexiao" ElemName="业务内容-撤销" ElemType="ELEM_SERVER"/>	   
	<Element ElemCode="bg" ElemName="业务内容-资料变更" ElemType="ELEM_SERVER"/>	   
	<Element ElemCode="pt" ElemName="紧急标识-日常开户" ElemType="ELEM_SERVER"/>	   
	<Element ElemCode="jj" ElemName="紧急标识-紧急开户" ElemType="ELEM_SERVER"/>	   
	<Element ElemCode="orgName" ElemName="基金公司名称" ElemType="ELEM_SERVER"/>	   
	<Element ElemCode="openAccName" ElemName="账户名称" ElemType="ELEM_SERVER"/>	   
	<Element ElemCode="zj" ElemName="账户类型-自建" ElemType="ELEM_SERVER"/>	   
	<Element ElemCode="shjch" ElemName="账户类型-上海中登基础户" ElemType="ELEM_SERVER"/>	   
	<Element ElemCode="szjch" ElemName="账户类型-深圳中登基础户" ElemType="ELEM_SERVER"/>
	<Element ElemCode="shfjch" ElemName="账户类型-上海中登基础户" ElemType="ELEM_SERVER"/>	   
	<Element ElemCode="szfjch" ElemName="账户类型-深圳中登基础户" ElemType="ELEM_SERVER"/>	 	
	<Element ElemCode="openAccNo" ElemName="账号指定号码" ElemType="ELEM_SERVER"/>	   
	<Element ElemCode="xj" ElemName="分红方式-现金分红" ElemType="ELEM_SERVER"/>	   
	<Element ElemCode="ztz" ElemName="分红方式-红利转投资" ElemType="ELEM_SERVER"/>	   
	<Element ElemCode="gtjy" ElemName="交易方式-柜台" ElemType="ELEM_SERVER"/>	   
	<Element ElemCode="cz" ElemName="交易方式-传真" ElemType="ELEM_SERVER"/>	   
	<Element ElemCode="linkMan" ElemName="姓名" ElemType="ELEM_SERVER"/>	   
	<Element ElemCode="linkNo" ElemName="身份证号码" ElemType="ELEM_SERVER"/>	   
	<Element ElemCode="linkTel" ElemName="办公电话" ElemType="ELEM_SERVER"/>	   
	<Element ElemCode="mobilNo" ElemName="手机号码" ElemType="ELEM_SERVER"/>	   
	<Element ElemCode="faxNo" ElemName="传真电话" ElemType="ELEM_SERVER"/>	   
	<Element ElemCode="linkAddr" ElemName="通信地址" ElemType="ELEM_SERVER"/>	   
	<Element ElemCode="beizhu" ElemName="备注信息" ElemType="ELEM_SERVER"/>	     
	<Element ElemCode="createLogo" ElemName="经办人" ElemType="ELEM_SERVER"/>	   
	<Element ElemCode="reviewLogo" ElemName="复核人" ElemType="ELEM_SERVER"/>	   
	<Element ElemCode="checkLogo" ElemName="审批人" ElemType="ELEM_SERVER"/>	 
  </ElemConfig>
</Readme>
