<?xml version="1.0" encoding="UTF-8" standalone="yes"?>
<?mso-application progid="Word.Document"?>
<w:wordDocument xmlns:aml="http://schemas.microsoft.com/aml/2001/core" xmlns:dt="uuid:C2F41010-65B3-11d1-A29F-00AA00C14882" xmlns:ve="http://schemas.openxmlformats.org/markup-compatibility/2006" xmlns:o="urn:schemas-microsoft-com:office:office" xmlns:v="urn:schemas-microsoft-com:vml" xmlns:w10="urn:schemas-microsoft-com:office:word" xmlns:w="http://schemas.microsoft.com/office/word/2003/wordml" xmlns:wx="http://schemas.microsoft.com/office/word/2003/auxHint" xmlns:wsp="http://schemas.microsoft.com/office/word/2003/wordml/sp2" xmlns:sl="http://schemas.microsoft.com/schemaLibrary/2003/core" w:macrosPresent="no" w:embeddedObjPresent="no" w:ocxPresent="no" xml:space="preserve"><w:ignoreSubtree w:val="http://schemas.microsoft.com/office/word/2003/wordml/sp2"/><o:DocumentProperties><o:Title>附件3</o:Title><o:Author>abc</o:Author><o:LastAuthor>yu</o:LastAuthor><o:Revision>2</o:Revision><o:TotalTime>0</o:TotalTime><o:LastPrinted>2014-07-02T09:46:00Z</o:LastPrinted><o:Created>2015-01-19T13:51:00Z</o:Created><o:LastSaved>2015-01-19T13:51:00Z</o:LastSaved><o:Pages>1</o:Pages><o:Words>63</o:Words><o:Characters>362</o:Characters><o:Company>Lenovo</o:Company><o:Lines>3</o:Lines><o:Paragraphs>1</o:Paragraphs><o:CharactersWithSpaces>424</o:CharactersWithSpaces><o:Version>12</o:Version></o:DocumentProperties><o:CustomDocumentProperties><o:KSOProductBuildVer dt:dt="string">2052-9.1.0.4867</o:KSOProductBuildVer></o:CustomDocumentProperties><w:fonts><w:defaultFonts w:ascii="Times New Roman" w:fareast="宋体" w:h-ansi="Times New Roman" w:cs="Times New Roman"/><w:font w:name="Times New Roman"><w:panose-1 w:val="02020603050405020304"/><w:charset w:val="00"/><w:family w:val="Roman"/><w:pitch w:val="variable"/><w:sig w:usb-0="E0002AFF" w:usb-1="C0007841" w:usb-2="00000009" w:usb-3="00000000" w:csb-0="000001FF" w:csb-1="00000000"/></w:font><w:font w:name="Arial"><w:panose-1 w:val="020B0604020202020204"/><w:charset w:val="00"/><w:family w:val="Swiss"/><w:pitch w:val="variable"/><w:sig w:usb-0="E0002AFF" w:usb-1="C0007843" w:usb-2="00000009" w:usb-3="00000000" w:csb-0="000001FF" w:csb-1="00000000"/></w:font><w:font w:name="宋体"><w:altName w:val="SimSun"/><w:panose-1 w:val="02010600030101010101"/><w:charset w:val="86"/><w:family w:val="auto"/><w:pitch w:val="variable"/><w:sig w:usb-0="00000003" w:usb-1="288F0000" w:usb-2="00000016" w:usb-3="00000000" w:csb-0="00040001" w:csb-1="00000000"/></w:font><w:font w:name="黑体"><w:altName w:val="SimHei"/><w:panose-1 w:val="02010609060101010101"/><w:charset w:val="86"/><w:family w:val="Modern"/><w:pitch w:val="fixed"/><w:sig w:usb-0="800002BF" w:usb-1="38CF7CFA" w:usb-2="00000016" w:usb-3="00000000" w:csb-0="00040001" w:csb-1="00000000"/></w:font><w:font w:name="Cambria Math"><w:panose-1 w:val="02040503050406030204"/><w:charset w:val="00"/><w:family w:val="Roman"/><w:pitch w:val="variable"/><w:sig w:usb-0="E00002FF" w:usb-1="420024FF" w:usb-2="00000000" w:usb-3="00000000" w:csb-0="0000019F" w:csb-1="00000000"/></w:font><w:font w:name="Calibri"><w:panose-1 w:val="020F0502020204030204"/><w:charset w:val="00"/><w:family w:val="Swiss"/><w:pitch w:val="variable"/><w:sig w:usb-0="E00002FF" w:usb-1="4000ACFF" w:usb-2="00000001" w:usb-3="00000000" w:csb-0="0000019F" w:csb-1="00000000"/></w:font><w:font w:name="仿宋_GB2312"><w:altName w:val="仿宋"/><w:charset w:val="86"/><w:family w:val="Modern"/><w:pitch w:val="default"/><w:sig w:usb-0="00000001" w:usb-1="080E0000" w:usb-2="00000010" w:usb-3="00000000" w:csb-0="00040000" w:csb-1="00000000"/></w:font><w:font w:name="@宋体"><w:panose-1 w:val="02010600030101010101"/><w:charset w:val="86"/><w:family w:val="auto"/><w:pitch w:val="variable"/><w:sig w:usb-0="00000003" w:usb-1="288F0000" w:usb-2="00000016" w:usb-3="00000000" w:csb-0="00040001" w:csb-1="00000000"/></w:font><w:font w:name="@黑体"><w:panose-1 w:val="02010609060101010101"/><w:charset w:val="86"/><w:family w:val="Modern"/><w:pitch w:val="fixed"/><w:sig w:usb-0="800002BF" w:usb-1="38CF7CFA" w:usb-2="00000016" w:usb-3="00000000" w:csb-0="00040001" w:csb-1="00000000"/></w:font><w:font w:name="@仿宋_GB2312"><w:charset w:val="86"/><w:family w:val="Modern"/><w:pitch w:val="default"/><w:sig w:usb-0="00000001" w:usb-1="080E0000" w:usb-2="00000010" w:usb-3="00000000" w:csb-0="00040000" w:csb-1="00000000"/></w:font></w:fonts><w:styles><w:versionOfBuiltInStylenames w:val="7"/><w:latentStyles w:defLockedState="off" w:latentStyleCount="267"><w:lsdException w:name="Normal"/><w:lsdException w:name="heading 1"/><w:lsdException w:name="heading 2"/><w:lsdException w:name="heading 3"/><w:lsdException w:name="heading 4"/><w:lsdException w:name="heading 5"/><w:lsdException w:name="heading 6"/><w:lsdException w:name="heading 7"/><w:lsdException w:name="heading 8"/><w:lsdException w:name="heading 9"/><w:lsdException w:name="caption"/><w:lsdException w:name="Title"/><w:lsdException w:name="Subtitle"/><w:lsdException w:name="Strong"/><w:lsdException w:name="Emphasis"/><w:lsdException w:name="No Spacing"/><w:lsdException w:name="List Paragraph"/><w:lsdException w:name="Quote"/><w:lsdException w:name="Intense Quote"/><w:lsdException w:name="Subtle Emphasis"/><w:lsdException w:name="Intense Emphasis"/><w:lsdException w:name="Subtle Reference"/><w:lsdException w:name="Intense Reference"/><w:lsdException w:name="Book Title"/><w:lsdException w:name="TOC Heading"/></w:latentStyles><w:style w:type="paragraph" w:default="on" w:styleId="a"><w:name w:val="Normal"/><wx:uiName wx:val="正文"/><w:rsid w:val="0054198B"/><w:pPr><w:widowControl w:val="off"/><w:jc w:val="both"/></w:pPr><w:rPr><wx:font wx:val="Times New Roman"/><w:kern w:val="2"/><w:sz w:val="21"/><w:lang w:val="EN-US" w:fareast="ZH-CN" w:bidi="AR-SA"/></w:rPr></w:style><w:style w:type="paragraph" w:styleId="2"><w:name w:val="heading 2"/><wx:uiName wx:val="标题 2"/><w:basedOn w:val="a"/><w:next w:val="a"/><w:rsid w:val="0054198B"/><w:pPr><w:keepNext/><w:keepLines/><w:spacing w:before="260" w:after="260" w:line="415" w:line-rule="auto"/><w:outlineLvl w:val="1"/></w:pPr><w:rPr><w:rFonts w:ascii="Arial" w:fareast="黑体" w:h-ansi="Arial"/><wx:font wx:val="Arial"/><w:b/><w:b-cs/><w:sz w:val="32"/><w:sz-cs w:val="32"/></w:rPr></w:style><w:style w:type="character" w:default="on" w:styleId="a0"><w:name w:val="Default Paragraph Font"/><wx:uiName wx:val="默认段落字体"/></w:style><w:style w:type="table" w:default="on" w:styleId="a1"><w:name w:val="Normal Table"/><wx:uiName wx:val="普通表格"/><w:rPr><wx:font wx:val="Times New Roman"/><w:lang w:val="EN-US" w:fareast="ZH-CN" w:bidi="AR-SA"/></w:rPr><w:tblPr><w:tblInd w:w="0" w:type="dxa"/><w:tblCellMar><w:top w:w="0" w:type="dxa"/><w:left w:w="108" w:type="dxa"/><w:bottom w:w="0" w:type="dxa"/><w:right w:w="108" w:type="dxa"/></w:tblCellMar></w:tblPr></w:style><w:style w:type="list" w:default="on" w:styleId="a2"><w:name w:val="No List"/><wx:uiName wx:val="无列表"/></w:style><w:style w:type="character" w:styleId="Char"><w:name w:val="批注框文本 Char"/><w:link w:val="a3"/><w:rsid w:val="0054198B"/><w:rPr><w:kern w:val="2"/><w:sz w:val="18"/><w:sz-cs w:val="18"/></w:rPr></w:style><w:style w:type="paragraph" w:styleId="a4"><w:name w:val="header"/><wx:uiName wx:val="页眉"/><w:basedOn w:val="a"/><w:rsid w:val="0054198B"/><w:pPr><w:pBdr><w:top w:val="none" w:sz="0" wx:bdrwidth="0" w:space="1" w:color="auto"/><w:left w:val="none" w:sz="0" wx:bdrwidth="0" w:space="4" w:color="auto"/><w:bottom w:val="none" w:sz="0" wx:bdrwidth="0" w:space="1" w:color="auto"/><w:right w:val="none" w:sz="0" wx:bdrwidth="0" w:space="4" w:color="auto"/></w:pBdr><w:tabs><w:tab w:val="center" w:pos="4153"/><w:tab w:val="right" w:pos="8306"/></w:tabs><w:snapToGrid w:val="off"/></w:pPr><w:rPr><wx:font wx:val="Times New Roman"/><w:sz w:val="18"/></w:rPr></w:style><w:style w:type="paragraph" w:styleId="a5"><w:name w:val="footer"/><wx:uiName wx:val="页脚"/><w:basedOn w:val="a"/><w:rsid w:val="0054198B"/><w:pPr><w:tabs><w:tab w:val="center" w:pos="4153"/><w:tab w:val="right" w:pos="8306"/></w:tabs><w:snapToGrid w:val="off"/><w:jc w:val="left"/></w:pPr><w:rPr><wx:font wx:val="Times New Roman"/><w:sz w:val="18"/></w:rPr></w:style><w:style w:type="paragraph" w:styleId="a3"><w:name w:val="Balloon Text"/><wx:uiName wx:val="批注框文本"/><w:basedOn w:val="a"/><w:link w:val="Char"/><w:rsid w:val="0054198B"/><w:rPr><wx:font wx:val="Times New Roman"/><w:sz w:val="18"/><w:sz-cs w:val="18"/><w:lang/></w:rPr></w:style></w:styles><w:shapeDefaults><o:shapedefaults v:ext="edit" spidmax="3074" fillcolor="#9cbee0" strokecolor="#739cc3"><v:fill color="#9cbee0" color2="#bbd5f0" type="gradient"><o:fill v:ext="view" type="gradientUnscaled"/></v:fill><v:stroke color="#739cc3" weight="1.25pt"/></o:shapedefaults><o:shapelayout v:ext="edit"><o:idmap v:ext="edit" data="1"/></o:shapelayout></w:shapeDefaults><w:bgPict><w:background w:bgcolor="white"/></w:bgPict><w:docPr><w:view w:val="print"/><w:zoom w:percent="100"/><w:doNotEmbedSystemFonts/><w:bordersDontSurroundHeader/><w:bordersDontSurroundFooter/><w:proofState w:spelling="clean" w:grammar="clean"/><w:attachedTemplate w:val="D:\YSSUCO\betaV1.20.2.0\server\source\YSS_APP\yssdataintegration\exportreport\template\JJKH\Normal.wpt"/><w:stylePaneFormatFilter w:val="3F01"/><w:defaultTabStop w:val="420"/><w:drawingGridVerticalSpacing w:val="156"/><w:displayHorizontalDrawingGridEvery w:val="0"/><w:displayVerticalDrawingGridEvery w:val="2"/><w:punctuationKerning/><w:characterSpacingControl w:val="CompressPunctuation"/><w:webPageEncoding w:val="x-cp20936"/><w:optimizeForBrowser/><w:allowPNG/><w:targetScreenSz w:val="1024x768"/><w:validateAgainstSchema w:val="off"/><w:saveInvalidXML w:val="off"/><w:ignoreMixedContent w:val="off"/><w:alwaysShowPlaceholderText w:val="off"/><w:doNotUnderlineInvalidXML/><w:hdrShapeDefaults><o:shapedefaults v:ext="edit" spidmax="3074" fillcolor="#9cbee0" strokecolor="#739cc3"><v:fill color="#9cbee0" color2="#bbd5f0" type="gradient"><o:fill v:ext="view" type="gradientUnscaled"/></v:fill><v:stroke color="#739cc3" weight="1.25pt"/></o:shapedefaults></w:hdrShapeDefaults><w:footnotePr><w:footnote w:type="separator"><w:p wsp:rsidR="00B06AB9" wsp:rsidRDefault="00B06AB9" wsp:rsidP="00A56FB4"><w:r><w:separator/></w:r></w:p></w:footnote><w:footnote w:type="continuation-separator"><w:p wsp:rsidR="00B06AB9" wsp:rsidRDefault="00B06AB9" wsp:rsidP="00A56FB4"><w:r><w:continuationSeparator/></w:r></w:p></w:footnote></w:footnotePr><w:endnotePr><w:endnote w:type="separator"><w:p wsp:rsidR="00B06AB9" wsp:rsidRDefault="00B06AB9" wsp:rsidP="00A56FB4"><w:r><w:separator/></w:r></w:p></w:endnote><w:endnote w:type="continuation-separator"><w:p wsp:rsidR="00B06AB9" wsp:rsidRDefault="00B06AB9" wsp:rsidP="00A56FB4"><w:r><w:continuationSeparator/></w:r></w:p></w:endnote></w:endnotePr><w:compat><w:spaceForUL/><w:balanceSingleByteDoubleByteWidth/><w:doNotLeaveBackslashAlone/><w:ulTrailSpace/><w:doNotExpandShiftReturn/><w:adjustLineHeightInTable/><w:breakWrappedTables/><w:snapToGridInCell/><w:wrapTextWithPunct/><w:useAsianBreakRules/><w:dontGrowAutofit/><w:useFELayout/></w:compat><wsp:rsids><wsp:rsidRoot wsp:val="00172A27"/><wsp:rsid wsp:val="00026DF7"/><wsp:rsid wsp:val="00032D5E"/><wsp:rsid wsp:val="00032ED3"/><wsp:rsid wsp:val="000443BD"/><wsp:rsid wsp:val="0006539A"/><wsp:rsid wsp:val="00080D25"/><wsp:rsid wsp:val="00082811"/><wsp:rsid wsp:val="00092CE1"/><wsp:rsid wsp:val="000A740A"/><wsp:rsid wsp:val="000B44C7"/><wsp:rsid wsp:val="000D60F1"/><wsp:rsid wsp:val="00101C26"/><wsp:rsid wsp:val="00104E86"/><wsp:rsid wsp:val="001059CE"/><wsp:rsid wsp:val="0012504C"/><wsp:rsid wsp:val="00164A25"/><wsp:rsid wsp:val="00172A27"/><wsp:rsid wsp:val="00172BA8"/><wsp:rsid wsp:val="0017522C"/><wsp:rsid wsp:val="001A41EC"/><wsp:rsid wsp:val="001D5537"/><wsp:rsid wsp:val="001D5D28"/><wsp:rsid wsp:val="001E7F69"/><wsp:rsid wsp:val="00221492"/><wsp:rsid wsp:val="00256E6B"/><wsp:rsid wsp:val="00261A89"/><wsp:rsid wsp:val="00280919"/><wsp:rsid wsp:val="002C193B"/><wsp:rsid wsp:val="002D4468"/><wsp:rsid wsp:val="0038274E"/><wsp:rsid wsp:val="003E340F"/><wsp:rsid wsp:val="003F73B8"/><wsp:rsid wsp:val="0045600B"/><wsp:rsid wsp:val="00456636"/><wsp:rsid wsp:val="00531AE6"/><wsp:rsid wsp:val="0054198B"/><wsp:rsid wsp:val="00543503"/><wsp:rsid wsp:val="005E0F97"/><wsp:rsid wsp:val="00604DF0"/><wsp:rsid wsp:val="00620D7A"/><wsp:rsid wsp:val="006661CC"/><wsp:rsid wsp:val="00675B39"/><wsp:rsid wsp:val="006D4FA6"/><wsp:rsid wsp:val="006D65C1"/><wsp:rsid wsp:val="007750EB"/><wsp:rsid wsp:val="00787CAF"/><wsp:rsid wsp:val="00791B90"/><wsp:rsid wsp:val="007B16EF"/><wsp:rsid wsp:val="007D33BC"/><wsp:rsid wsp:val="007E5DA0"/><wsp:rsid wsp:val="0084351A"/><wsp:rsid wsp:val="008A16E9"/><wsp:rsid wsp:val="008D433E"/><wsp:rsid wsp:val="009038F7"/><wsp:rsid wsp:val="00905E83"/><wsp:rsid wsp:val="00912FC5"/><wsp:rsid wsp:val="00933D23"/><wsp:rsid wsp:val="00952A18"/><wsp:rsid wsp:val="009612A3"/><wsp:rsid wsp:val="00996CEC"/><wsp:rsid wsp:val="009C5378"/><wsp:rsid wsp:val="009D2B33"/><wsp:rsid wsp:val="009E5387"/><wsp:rsid wsp:val="00A33516"/><wsp:rsid wsp:val="00A457E0"/><wsp:rsid wsp:val="00A56FB4"/><wsp:rsid wsp:val="00A726A8"/><wsp:rsid wsp:val="00AB0811"/><wsp:rsid wsp:val="00AB6B62"/><wsp:rsid wsp:val="00AF3C53"/><wsp:rsid wsp:val="00B00347"/><wsp:rsid wsp:val="00B06AB9"/><wsp:rsid wsp:val="00B25158"/><wsp:rsid wsp:val="00B64724"/><wsp:rsid wsp:val="00B65668"/><wsp:rsid wsp:val="00B802EB"/><wsp:rsid wsp:val="00B84288"/><wsp:rsid wsp:val="00C02546"/><wsp:rsid wsp:val="00C11784"/><wsp:rsid wsp:val="00C22440"/><wsp:rsid wsp:val="00C70AFF"/><wsp:rsid wsp:val="00C839A2"/><wsp:rsid wsp:val="00D0562B"/><wsp:rsid wsp:val="00D1039C"/><wsp:rsid wsp:val="00D10A6B"/><wsp:rsid wsp:val="00D33AF5"/><wsp:rsid wsp:val="00D41038"/><wsp:rsid wsp:val="00D5188D"/><wsp:rsid wsp:val="00DB5F9E"/><wsp:rsid wsp:val="00DD33A5"/><wsp:rsid wsp:val="00DF3569"/><wsp:rsid wsp:val="00E00225"/><wsp:rsid wsp:val="00E0437D"/><wsp:rsid wsp:val="00E112C0"/><wsp:rsid wsp:val="00E20018"/><wsp:rsid wsp:val="00E51305"/><wsp:rsid wsp:val="00EA2001"/><wsp:rsid wsp:val="00EB4C7D"/><wsp:rsid wsp:val="00EB5500"/><wsp:rsid wsp:val="00ED01A2"/><wsp:rsid wsp:val="00F13C1B"/><wsp:rsid wsp:val="00F77A3C"/><wsp:rsid wsp:val="00FB0B07"/><wsp:rsid wsp:val="0A215E97"/><wsp:rsid wsp:val="12F572A6"/><wsp:rsid wsp:val="3F6A0496"/><wsp:rsid wsp:val="4B8F3B84"/><wsp:rsid wsp:val="592F675E"/><wsp:rsid wsp:val="70BA6C63"/><wsp:rsid wsp:val="7AC46E76"/></wsp:rsids></w:docPr><w:body><wx:sub-section><wx:sub-section><w:p wsp:rsidR="0054198B" wsp:rsidRDefault="001D5D28"><w:pPr><w:pStyle w:val="2"/><w:jc w:val="center"/></w:pPr><w:r><w:rPr><w:rFonts w:hint="fareast"/><wx:font wx:val="黑体"/></w:rPr><w:t>基金账户指令书</w:t></w:r></w:p><w:tbl><w:tblPr><w:tblW w:w="10491" w:type="dxa"/><w:tblInd w:w="-1026" w:type="dxa"/><w:tblBorders><w:top w:val="single" w:sz="4" wx:bdrwidth="10" w:space="0" w:color="auto"/><w:left w:val="single" w:sz="4" wx:bdrwidth="10" w:space="0" w:color="auto"/><w:bottom w:val="single" w:sz="4" wx:bdrwidth="10" w:space="0" w:color="auto"/><w:right w:val="single" w:sz="4" wx:bdrwidth="10" w:space="0" w:color="auto"/><w:insideH w:val="single" w:sz="4" wx:bdrwidth="10" w:space="0" w:color="auto"/><w:insideV w:val="single" w:sz="4" wx:bdrwidth="10" w:space="0" w:color="auto"/></w:tblBorders><w:tblLayout w:type="Fixed"/></w:tblPr><w:tblGrid><w:gridCol w:w="2127"/><w:gridCol w:w="1843"/><w:gridCol w:w="453"/><w:gridCol w:w="1248"/><w:gridCol w:w="372"/><w:gridCol w:w="1471"/><w:gridCol w:w="1134"/><w:gridCol w:w="1843"/></w:tblGrid><w:tr wsp:rsidR="0054198B" wsp:rsidTr="00E20018"><w:trPr><w:trHeight w:val="735"/></w:trPr><w:tc><w:tcPr><w:tcW w:w="2127" w:type="dxa"/><w:vAlign w:val="center"/></w:tcPr><w:p wsp:rsidR="0054198B" wsp:rsidRDefault="001D5D28"><w:pPr><w:jc w:val="center"/><w:rPr><w:rFonts w:fareast="黑体"/><w:b/><w:b-cs/><w:sz w:val="28"/><w:sz-cs w:val="28"/></w:rPr></w:pPr><w:r><w:rPr><w:rFonts w:fareast="黑体" w:hint="fareast"/><wx:font wx:val="黑体"/><w:b/><w:b-cs/><w:sz w:val="28"/><w:sz-cs w:val="28"/></w:rPr><w:t>指令提出时间</w:t></w:r></w:p></w:tc><w:tc><w:tcPr><w:tcW w:w="8363" w:type="dxa"/><w:gridSpan w:val="7"/><w:vAlign w:val="center"/></w:tcPr><w:p wsp:rsidR="0054198B" wsp:rsidRDefault="001D5D28"><w:pPr><w:rPr><w:sz w:val="28"/><w:sz-cs w:val="28"/></w:rPr></w:pPr><w:r><w:rPr><w:rFonts w:hint="fareast"/><w:sz w:val="28"/><w:sz-cs w:val="28"/></w:rPr><w:t>${ordTime}</w:t></w:r></w:p></w:tc></w:tr><w:tr wsp:rsidR="0054198B" wsp:rsidTr="00E20018"><w:trPr><w:trHeight w:val="600"/></w:trPr><w:tc><w:tcPr><w:tcW w:w="2127" w:type="dxa"/><w:vAlign w:val="center"/></w:tcPr><w:p wsp:rsidR="0054198B" wsp:rsidRDefault="001D5D28"><w:pPr><w:jc w:val="center"/><w:rPr><w:rFonts w:fareast="黑体"/><w:b/><w:b-cs/><w:sz w:val="28"/><w:sz-cs w:val="28"/></w:rPr></w:pPr><w:r><w:rPr><w:rFonts w:fareast="黑体" w:hint="fareast"/><wx:font wx:val="黑体"/><w:b/><w:b-cs/><w:sz w:val="28"/><w:sz-cs w:val="28"/></w:rPr><w:t>业务内容</w:t></w:r></w:p></w:tc><w:tc><w:tcPr><w:tcW w:w="8363" w:type="dxa"/><w:gridSpan w:val="7"/></w:tcPr><w:p wsp:rsidR="0054198B" wsp:rsidRDefault="00C70AFF"><w:pPr><w:rPr><w:rFonts w:fareast="仿宋_GB2312"/><w:sz w:val="28"/><w:sz-cs w:val="28"/></w:rPr></w:pPr><w:r wsp:rsidRPr="00C70AFF"><w:pict><v:shapetype id="_x0000_t202" coordsize="21600,21600" o:spt="202" path="m,l,21600r21600,l21600,xe"><v:stroke joinstyle="miter"/><v:path gradientshapeok="t" o:connecttype="rect"/></v:shapetype><v:shape id="Text Box 4" o:spid="_x0000_s1026" type="#_x0000_t202" style="position:absolute;left:0;text-align:left;margin-left:211pt;margin-top:9.3pt;width:14.15pt;height:14.15pt;z-index:2;mso-position-horizontal-relative:text;mso-position-vertical-relative:text" filled="f"><o:lock v:ext="edit" aspectratio="t"/><v:textbox inset="1mm,0,0,1mm"><w:txbxContent><w:p wsp:rsidR="0054198B" wsp:rsidRDefault="001D5D28"><w:pPr><w:rPr><w:rFonts w:ascii="Calibri" w:h-ansi="Calibri"/><wx:font wx:val="Calibri"/><w:b-cs/><w:sz w:val="18"/><w:sz-cs w:val="18"/></w:rPr></w:pPr><w:r><w:rPr><w:rFonts w:ascii="Calibri" w:h-ansi="Calibri" w:hint="fareast"/><wx:font wx:val="Calibri"/><w:b-cs/><w:sz w:val="18"/><w:sz-cs w:val="18"/></w:rPr><w:t>${bg}</w:t></w:r></w:p></w:txbxContent></v:textbox></v:shape></w:pict></w:r><w:r wsp:rsidRPr="00C70AFF"><w:pict><v:shape id="Text Box 5" o:spid="_x0000_s1027" type="#_x0000_t202" style="position:absolute;left:0;text-align:left;margin-left:320.5pt;margin-top:9.3pt;width:14.15pt;height:14.15pt;z-index:3;mso-position-horizontal-relative:text;mso-position-vertical-relative:text" filled="f"><o:lock v:ext="edit" aspectratio="t"/><v:textbox inset="1mm,0,0,1mm"><w:txbxContent><w:p wsp:rsidR="0054198B" wsp:rsidRDefault="001D5D28"><w:pPr><w:rPr><w:rFonts w:ascii="Calibri" w:h-ansi="Calibri"/><wx:font wx:val="Calibri"/><w:b/><w:sz w:val="18"/><w:sz-cs w:val="18"/></w:rPr></w:pPr><w:r><w:rPr><w:rFonts w:ascii="Calibri" w:h-ansi="Calibri" w:hint="fareast"/><wx:font wx:val="Calibri"/><w:b-cs/><w:sz w:val="18"/><w:sz-cs w:val="18"/></w:rPr><w:t>${chexiao}</w:t></w:r></w:p></w:txbxContent></v:textbox></v:shape></w:pict></w:r><w:r wsp:rsidRPr="00C70AFF"><w:pict><v:shape id="文本框 2" o:spid="_x0000_s1028" type="#_x0000_t202" style="position:absolute;left:0;text-align:left;margin-left:88pt;margin-top:9.95pt;width:14.15pt;height:14.15pt;z-index:1;mso-position-horizontal-relative:text;mso-position-vertical-relative:text" filled="f"><o:lock v:ext="edit" aspectratio="t"/><v:textbox inset="1mm,0,0,1mm"><w:txbxContent><w:p wsp:rsidR="0054198B" wsp:rsidRDefault="001D5D28"><w:pPr><w:rPr><w:rFonts w:ascii="Calibri" w:h-ansi="Calibri"/><wx:font wx:val="Calibri"/><w:b/><w:sz w:val="18"/><w:sz-cs w:val="18"/></w:rPr></w:pPr><w:r><w:rPr><w:rFonts w:ascii="Calibri" w:h-ansi="Calibri" w:hint="fareast"/><wx:font wx:val="Calibri"/><w:b-cs/><w:sz w:val="18"/><w:sz-cs w:val="18"/></w:rPr><w:t>${kh}</w:t></w:r></w:p></w:txbxContent></v:textbox></v:shape></w:pict></w:r><w:r wsp:rsidR="001D5D28"><w:rPr><w:rFonts w:hint="fareast"/><wx:font wx:val="宋体"/><w:sz w:val="28"/><w:sz-cs w:val="28"/></w:rPr><w:t>基金账户开立</w:t></w:r><w:r wsp:rsidR="001D5D28"><w:rPr><w:rFonts w:hint="fareast"/><w:sz w:val="32"/><w:sz-cs w:val="28"/></w:rPr><w:t>    </w:t></w:r><w:r wsp:rsidR="001D5D28"><w:rPr><w:rFonts w:hint="fareast"/><wx:font wx:val="宋体"/><w:sz w:val="28"/><w:sz-cs w:val="28"/></w:rPr><w:t>开户资料变更</w:t></w:r><w:r wsp:rsidR="001D5D28"><w:rPr><w:rFonts w:hint="fareast"/><w:sz w:val="32"/><w:sz-cs w:val="28"/></w:rPr><w:t>    </w:t></w:r><w:r wsp:rsidR="001D5D28"><w:rPr><w:rFonts w:hint="fareast"/><wx:font wx:val="宋体"/><w:sz w:val="28"/><w:sz-cs w:val="28"/></w:rPr><w:t>基金账户撤销</w:t></w:r></w:p></w:tc></w:tr><w:tr wsp:rsidR="0054198B" wsp:rsidTr="00E20018"><w:trPr><w:trHeight w:val="600"/></w:trPr><w:tc><w:tcPr><w:tcW w:w="2127" w:type="dxa"/><w:vAlign w:val="center"/></w:tcPr><w:p wsp:rsidR="0054198B" wsp:rsidRDefault="001D5D28"><w:pPr><w:jc w:val="center"/><w:rPr><w:rFonts w:fareast="黑体"/><w:b/><w:b-cs/><w:sz w:val="28"/><w:sz-cs w:val="28"/></w:rPr></w:pPr><w:r><w:rPr><w:rFonts w:fareast="黑体" w:hint="fareast"/><wx:font wx:val="黑体"/><w:b/><w:b-cs/><w:sz w:val="28"/><w:sz-cs w:val="28"/></w:rPr><w:t>紧急标识</w:t></w:r></w:p></w:tc><w:tc><w:tcPr><w:tcW w:w="8363" w:type="dxa"/><w:gridSpan w:val="7"/></w:tcPr><w:p wsp:rsidR="0054198B" wsp:rsidRDefault="00C70AFF"><w:pPr><w:rPr><w:rFonts w:fareast="仿宋_GB2312"/><w:sz w:val="28"/><w:sz-cs w:val="28"/></w:rPr></w:pPr><w:r wsp:rsidRPr="00C70AFF"><w:rPr><w:sz w:val="28"/><w:sz-cs w:val="28"/></w:rPr><w:pict><v:shape id="Text Box 7" o:spid="_x0000_s1029" type="#_x0000_t202" style="position:absolute;left:0;text-align:left;margin-left:212.4pt;margin-top:9.2pt;width:14.15pt;height:14.15pt;z-index:5;mso-position-horizontal-relative:text;mso-position-vertical-relative:text" filled="f"><o:lock v:ext="edit" aspectratio="t"/><v:textbox inset="1mm,0,0,1mm"><w:txbxContent><w:p wsp:rsidR="0054198B" wsp:rsidRDefault="001D5D28"><w:pPr><w:rPr><w:rFonts w:ascii="Calibri" w:h-ansi="Calibri"/><wx:font wx:val="Calibri"/><w:b/><w:sz w:val="18"/><w:sz-cs w:val="18"/></w:rPr></w:pPr><w:r><w:rPr><w:rFonts w:ascii="Calibri" w:h-ansi="Calibri" w:hint="fareast"/><wx:font wx:val="Calibri"/><w:b-cs/><w:sz w:val="18"/><w:sz-cs w:val="18"/></w:rPr><w:t>${jj}</w:t></w:r></w:p></w:txbxContent></v:textbox></v:shape></w:pict></w:r><w:r wsp:rsidRPr="00C70AFF"><w:rPr><w:sz w:val="28"/><w:sz-cs w:val="28"/></w:rPr><w:pict><v:shape id="Text Box 6" o:spid="_x0000_s1030" type="#_x0000_t202" style="position:absolute;left:0;text-align:left;margin-left:62.5pt;margin-top:9.2pt;width:14.15pt;height:14.15pt;z-index:4;mso-position-horizontal-relative:text;mso-position-vertical-relative:text" filled="f"><o:lock v:ext="edit" aspectratio="t"/><v:textbox inset="1mm,0,0,1mm"><w:txbxContent><w:p wsp:rsidR="0054198B" wsp:rsidRDefault="001D5D28"><w:pPr><w:rPr><w:rFonts w:ascii="Calibri" w:h-ansi="Calibri"/><wx:font wx:val="Calibri"/><w:b/><w:sz w:val="18"/><w:sz-cs w:val="18"/></w:rPr></w:pPr><w:r><w:rPr><w:rFonts w:ascii="Calibri" w:h-ansi="Calibri" w:hint="fareast"/><wx:font wx:val="Calibri"/><w:b-cs/><w:sz w:val="18"/><w:sz-cs w:val="18"/></w:rPr><w:t>${pt}</w:t></w:r></w:p></w:txbxContent></v:textbox></v:shape></w:pict></w:r><w:r wsp:rsidR="001D5D28"><w:rPr><w:rFonts w:hint="fareast"/><wx:font wx:val="宋体"/><w:sz w:val="28"/><w:sz-cs w:val="28"/></w:rPr><w:t>日常开户</w:t></w:r><w:r wsp:rsidR="001D5D28"><w:rPr><w:rFonts w:hint="fareast"/><w:sz w:val="32"/><w:sz-cs w:val="28"/></w:rPr><w:t>            </w:t></w:r><w:r wsp:rsidR="001D5D28"><w:rPr><w:rFonts w:hint="fareast"/><wx:font wx:val="宋体"/><w:sz w:val="28"/><w:sz-cs w:val="28"/></w:rPr><w:t>紧急开户</w:t></w:r></w:p></w:tc></w:tr><w:tr wsp:rsidR="0054198B" wsp:rsidTr="00E20018"><w:trPr><w:trHeight w:val="600"/></w:trPr><w:tc><w:tcPr><w:tcW w:w="2127" w:type="dxa"/><w:vAlign w:val="center"/></w:tcPr><w:p wsp:rsidR="0054198B" wsp:rsidRDefault="001D5D28"><w:pPr><w:jc w:val="center"/><w:rPr><w:rFonts w:fareast="黑体"/><w:b/><w:b-cs/><w:sz w:val="28"/><w:sz-cs w:val="28"/></w:rPr></w:pPr><w:r><w:rPr><w:rFonts w:fareast="黑体" w:hint="fareast"/><wx:font wx:val="黑体"/><w:b/><w:b-cs/><w:sz w:val="28"/><w:sz-cs w:val="28"/></w:rPr><w:t>基金公司名称</w:t></w:r></w:p></w:tc><w:tc><w:tcPr><w:tcW w:w="8363" w:type="dxa"/><w:gridSpan w:val="7"/></w:tcPr><w:p wsp:rsidR="0054198B" wsp:rsidRDefault="001D5D28"><w:pPr><w:rPr><w:rFonts w:ascii="宋体" w:h-ansi="宋体"/><wx:font wx:val="宋体"/><w:sz w:val="28"/><w:sz-cs w:val="28"/></w:rPr></w:pPr><w:r><w:rPr><w:rFonts w:ascii="宋体" w:h-ansi="宋体" w:hint="fareast"/><wx:font wx:val="宋体"/><w:sz w:val="28"/><w:sz-cs w:val="28"/></w:rPr><w:t>${orgName}</w:t></w:r></w:p></w:tc></w:tr><w:tr wsp:rsidR="0054198B" wsp:rsidTr="00E20018"><w:trPr><w:trHeight w:val="600"/></w:trPr><w:tc><w:tcPr><w:tcW w:w="2127" w:type="dxa"/><w:vAlign w:val="center"/></w:tcPr><w:p wsp:rsidR="0054198B" wsp:rsidRDefault="001D5D28"><w:pPr><w:jc w:val="center"/><w:rPr><w:rFonts w:fareast="黑体"/><w:b/><w:b-cs/><w:sz w:val="28"/><w:sz-cs w:val="28"/></w:rPr></w:pPr><w:r><w:rPr><w:rFonts w:fareast="黑体" w:hint="fareast"/><wx:font wx:val="黑体"/><w:b/><w:b-cs/><w:sz w:val="28"/><w:sz-cs w:val="28"/></w:rPr><w:t>账户名称</w:t></w:r></w:p></w:tc><w:tc><w:tcPr><w:tcW w:w="8363" w:type="dxa"/><w:gridSpan w:val="7"/></w:tcPr><w:p wsp:rsidR="0054198B" wsp:rsidRDefault="001D5D28"><w:pPr><w:rPr><w:rFonts w:ascii="宋体" w:h-ansi="宋体"/><wx:font wx:val="宋体"/><w:sz w:val="28"/><w:sz-cs w:val="28"/></w:rPr></w:pPr><w:r><w:rPr><w:rFonts w:ascii="宋体" w:h-ansi="宋体" w:hint="fareast"/><wx:font wx:val="宋体"/><w:sz w:val="28"/><w:sz-cs w:val="28"/></w:rPr><w:t>${openAccName}</w:t></w:r></w:p></w:tc></w:tr><w:tr wsp:rsidR="0054198B" wsp:rsidTr="00E20018"><w:trPr><w:cantSplit/><w:trHeight w:val="570"/></w:trPr><w:tc><w:tcPr><w:tcW w:w="2127" w:type="dxa"/><w:vAlign w:val="center"/></w:tcPr><w:p wsp:rsidR="0054198B" wsp:rsidRDefault="001D5D28"><w:pPr><w:jc w:val="center"/><w:rPr><w:rFonts w:fareast="黑体"/><w:b/><w:b-cs/><w:sz w:val="28"/><w:sz-cs w:val="28"/></w:rPr></w:pPr><w:r><w:rPr><w:rFonts w:fareast="黑体" w:hint="fareast"/><wx:font wx:val="黑体"/><w:b/><w:b-cs/><w:sz w:val="28"/><w:sz-cs w:val="28"/></w:rPr><w:t>账户类型</w:t></w:r></w:p></w:tc><w:tc><w:tcPr><w:tcW w:w="8363" w:type="dxa"/><w:gridSpan w:val="7"/></w:tcPr><w:p wsp:rsidR="0054198B" wsp:rsidRDefault="00C70AFF" wsp:rsidP="00B64724"><w:pPr><w:rPr><w:sz w:val="28"/><w:sz-cs w:val="28"/></w:rPr></w:pPr><w:r><w:rPr><w:sz w:val="28"/><w:sz-cs w:val="28"/></w:rPr><w:pict><v:shape id="Text Box 10" o:spid="_x0000_s1031" type="#_x0000_t202" style="position:absolute;left:0;text-align:left;margin-left:314.35pt;margin-top:9.35pt;width:14.15pt;height:14.15pt;z-index:8;mso-position-horizontal-relative:text;mso-position-vertical-relative:text" filled="f"><o:lock v:ext="edit" aspectratio="t"/><v:textbox style="mso-next-textbox:#Text Box 10" inset="1mm,0,0,1mm"><w:txbxContent><w:p wsp:rsidR="0054198B" wsp:rsidRDefault="000D60F1"><w:pPr><w:rPr><w:rFonts w:ascii="Calibri" w:h-ansi="Calibri"/><wx:font wx:val="Calibri"/><w:b/><w:sz w:val="18"/><w:sz-cs w:val="18"/></w:rPr></w:pPr><w:r><w:rPr><w:rFonts w:ascii="Calibri" w:h-ansi="Calibri" w:hint="fareast"/><wx:font wx:val="Calibri"/><w:b-cs/><w:sz w:val="18"/><w:sz-cs w:val="18"/></w:rPr><w:t>${shfjch}</w:t></w:r></w:p></w:txbxContent></v:textbox></v:shape></w:pict></w:r><w:r><w:rPr><w:sz w:val="28"/><w:sz-cs w:val="28"/></w:rPr><w:pict><v:shape id="Text Box 9" o:spid="_x0000_s1032" type="#_x0000_t202" style="position:absolute;left:0;text-align:left;margin-left:235.8pt;margin-top:8.6pt;width:14.15pt;height:14.15pt;z-index:7;mso-position-horizontal-relative:text;mso-position-vertical-relative:text" filled="f"><o:lock v:ext="edit" aspectratio="t"/><v:textbox style="mso-next-textbox:#Text Box 9" inset="1mm,0,0,1mm"><w:txbxContent><w:p wsp:rsidR="0054198B" wsp:rsidRDefault="000D60F1"><w:pPr><w:rPr><w:rFonts w:ascii="Calibri" w:h-ansi="Calibri"/><wx:font wx:val="Calibri"/><w:b/><w:sz w:val="18"/><w:sz-cs w:val="18"/></w:rPr></w:pPr><w:r><w:rPr><w:rFonts w:ascii="Calibri" w:h-ansi="Calibri" w:hint="fareast"/><wx:font wx:val="Calibri"/><w:b-cs/><w:sz w:val="18"/><w:sz-cs w:val="18"/></w:rPr><w:t>${shjch}</w:t></w:r></w:p></w:txbxContent></v:textbox></v:shape></w:pict></w:r><w:r><w:rPr><w:sz w:val="28"/><w:sz-cs w:val="28"/></w:rPr><w:pict><v:shape id="Text Box 8" o:spid="_x0000_s1033" type="#_x0000_t202" style="position:absolute;left:0;text-align:left;margin-left:53.8pt;margin-top:7.85pt;width:14.15pt;height:14.15pt;z-index:6;mso-position-horizontal-relative:text;mso-position-vertical-relative:text" filled="f"><o:lock v:ext="edit" aspectratio="t"/><v:textbox style="mso-next-textbox:#Text Box 8" inset="1mm,0,0,1mm"><w:txbxContent><w:p wsp:rsidR="0054198B" wsp:rsidRDefault="000D60F1"><w:pPr><w:rPr><w:rFonts w:ascii="Calibri" w:h-ansi="Calibri"/><wx:font wx:val="Calibri"/><w:b/><w:sz w:val="18"/><w:sz-cs w:val="18"/></w:rPr></w:pPr><w:r><w:rPr><w:rFonts w:ascii="Calibri" w:h-ansi="Calibri" w:hint="fareast"/><wx:font wx:val="Calibri"/><w:b-cs/><w:sz w:val="18"/><w:sz-cs w:val="18"/></w:rPr><w:t>${zj}</w:t></w:r></w:p></w:txbxContent></v:textbox></v:shape></w:pict></w:r><w:r wsp:rsidR="001D5D28"><w:rPr><w:rFonts w:hint="fareast"/><wx:font wx:val="宋体"/><w:sz w:val="28"/><w:sz-cs w:val="28"/></w:rPr><w:t>自建</w:t></w:r><w:r wsp:rsidR="001D5D28"><w:rPr><w:rFonts w:hint="fareast"/><w:sz w:val="28"/><w:sz-cs w:val="28"/></w:rPr><w:t>TA </w:t></w:r><w:r wsp:rsidR="001D5D28"><w:rPr><w:rFonts w:hint="fareast"/><w:sz w:val="32"/><w:sz-cs w:val="28"/></w:rPr><w:t>  </w:t></w:r><w:r wsp:rsidR="00E51305"><w:rPr><w:rFonts w:hint="fareast"/><w:sz w:val="32"/><w:sz-cs w:val="28"/></w:rPr><w:t>    </w:t></w:r><w:r wsp:rsidR="001D5D28"><w:rPr><w:rFonts w:hint="fareast"/><wx:font wx:val="宋体"/><w:sz w:val="28"/><w:sz-cs w:val="28"/></w:rPr><w:t>上海中登</w:t></w:r><w:r wsp:rsidR="001D5D28"><w:rPr><w:rFonts w:hint="fareast"/><w:sz w:val="28"/><w:sz-cs w:val="28"/></w:rPr><w:t>TA</w:t></w:r><w:r wsp:rsidR="00E51305"><w:rPr><w:rFonts w:hint="fareast"/><w:sz w:val="28"/><w:sz-cs w:val="28"/></w:rPr><w:t>(</w:t></w:r><w:r wsp:rsidR="00B64724"><w:rPr><w:rFonts w:hint="fareast"/><wx:font wx:val="宋体"/><w:sz w:val="28"/><w:sz-cs w:val="28"/></w:rPr><w:t>基础户</w:t></w:r><w:r wsp:rsidR="001D5D28"><w:rPr><w:rFonts w:hint="fareast"/><w:sz w:val="32"/><w:sz-cs w:val="28"/></w:rPr><w:t>   </w:t></w:r><w:r wsp:rsidR="00B64724"><w:rPr><w:rFonts w:hint="fareast"/><wx:font wx:val="宋体"/><w:sz w:val="28"/><w:sz-cs w:val="28"/></w:rPr><w:t>非基础户</w:t></w:r><w:r wsp:rsidR="00E51305"><w:rPr><w:rFonts w:hint="fareast"/><w:sz w:val="28"/><w:sz-cs w:val="28"/></w:rPr><w:t>    )</w:t></w:r></w:p><w:p wsp:rsidR="00B64724" wsp:rsidRDefault="00C70AFF" wsp:rsidP="00E51305"><w:pPr><w:rPr><w:sz w:val="28"/><w:sz-cs w:val="28"/></w:rPr></w:pPr><w:r><w:rPr><w:noProof/><w:sz w:val="28"/><w:sz-cs w:val="28"/></w:rPr><w:pict><v:shape id="_x0000_s1043" type="#_x0000_t202" style="position:absolute;left:0;text-align:left;margin-left:212.7pt;margin-top:8.25pt;width:14.15pt;height:14.15pt;z-index:14" filled="f"><o:lock v:ext="edit" aspectratio="t"/><v:textbox style="mso-next-textbox:#_x0000_s1043" inset="1mm,0,0,1mm"><w:txbxContent><w:p wsp:rsidR="000D60F1" wsp:rsidRDefault="000D60F1" wsp:rsidP="000D60F1"><w:pPr><w:rPr><w:rFonts w:ascii="Calibri" w:h-ansi="Calibri"/><wx:font wx:val="Calibri"/><w:b/><w:sz w:val="18"/><w:sz-cs w:val="18"/></w:rPr></w:pPr><w:r><w:rPr><w:rFonts w:ascii="Calibri" w:h-ansi="Calibri" w:hint="fareast"/><wx:font wx:val="Calibri"/><w:b-cs/><w:sz w:val="18"/><w:sz-cs w:val="18"/></w:rPr><w:t>${szfjch}</w:t></w:r></w:p></w:txbxContent></v:textbox></v:shape></w:pict></w:r><w:r><w:rPr><w:noProof/><w:sz w:val="28"/><w:sz-cs w:val="28"/></w:rPr><w:pict><v:shape id="_x0000_s1042" type="#_x0000_t202" style="position:absolute;left:0;text-align:left;margin-left:131.05pt;margin-top:8.9pt;width:14.15pt;height:14.15pt;z-index:13" filled="f"><o:lock v:ext="edit" aspectratio="t"/><v:textbox style="mso-next-textbox:#_x0000_s1042" inset="1mm,0,0,1mm"><w:txbxContent><w:p wsp:rsidR="00280919" wsp:rsidRDefault="000D60F1" wsp:rsidP="00280919"><w:pPr><w:rPr><w:rFonts w:ascii="Calibri" w:h-ansi="Calibri"/><wx:font wx:val="Calibri"/><w:b/><w:sz w:val="18"/><w:sz-cs w:val="18"/></w:rPr></w:pPr><w:r><w:rPr><w:rFonts w:ascii="Calibri" w:h-ansi="Calibri" w:hint="fareast"/><wx:font wx:val="Calibri"/><w:b-cs/><w:sz w:val="18"/><w:sz-cs w:val="18"/></w:rPr><w:t>${szjch}</w:t></w:r></w:p></w:txbxContent></v:textbox></v:shape></w:pict></w:r><w:r wsp:rsidR="00B64724"><w:rPr><w:rFonts w:hint="fareast"/><wx:font wx:val="宋体"/><w:sz w:val="28"/><w:sz-cs w:val="28"/></w:rPr><w:t>深圳中登</w:t></w:r><w:r wsp:rsidR="00B64724"><w:rPr><w:rFonts w:hint="fareast"/><w:sz w:val="28"/><w:sz-cs w:val="28"/></w:rPr><w:t>TA</w:t></w:r><w:r wsp:rsidR="00E51305"><w:rPr><w:rFonts w:hint="fareast"/><w:sz w:val="28"/><w:sz-cs w:val="28"/></w:rPr><w:t>(</w:t></w:r><w:r wsp:rsidR="00280919"><w:rPr><w:rFonts w:hint="fareast"/><wx:font wx:val="宋体"/><w:sz w:val="28"/><w:sz-cs w:val="28"/></w:rPr><w:t>基础户</w:t></w:r><w:r wsp:rsidR="00280919"><w:rPr><w:rFonts w:hint="fareast"/><w:sz w:val="28"/><w:sz-cs w:val="28"/></w:rPr><w:t>    </w:t></w:r><w:r wsp:rsidR="00280919"><w:rPr><w:rFonts w:hint="fareast"/><wx:font wx:val="宋体"/><w:sz w:val="28"/><w:sz-cs w:val="28"/></w:rPr><w:t>非基础户</w:t></w:r><w:r wsp:rsidR="00E51305"><w:rPr><w:rFonts w:hint="fareast"/><w:sz w:val="28"/><w:sz-cs w:val="28"/></w:rPr><w:t>   )</w:t></w:r></w:p></w:tc></w:tr><w:tr wsp:rsidR="0054198B" wsp:rsidTr="00E20018"><w:trPr><w:cantSplit/><w:trHeight w:val="570"/></w:trPr><w:tc><w:tcPr><w:tcW w:w="2127" w:type="dxa"/><w:vAlign w:val="center"/></w:tcPr><w:p wsp:rsidR="0054198B" wsp:rsidRDefault="001D5D28"><w:pPr><w:jc w:val="center"/><w:rPr><w:rFonts w:fareast="黑体"/><w:b/><w:b-cs/><w:sz w:val="28"/><w:sz-cs w:val="28"/></w:rPr></w:pPr><w:r><w:rPr><w:rFonts w:fareast="黑体" w:hint="fareast"/><wx:font wx:val="黑体"/><w:b/><w:b-cs/><w:sz w:val="28"/><w:sz-cs w:val="28"/></w:rPr><w:t>账户指定号码</w:t></w:r></w:p></w:tc><w:tc><w:tcPr><w:tcW w:w="8363" w:type="dxa"/><w:gridSpan w:val="7"/></w:tcPr><w:p wsp:rsidR="0054198B" wsp:rsidRDefault="001D5D28"><w:pPr><w:jc w:val="left"/><w:rPr><w:rFonts w:ascii="宋体" w:h-ansi="宋体"/><wx:font wx:val="宋体"/><w:sz w:val="28"/><w:sz-cs w:val="28"/></w:rPr></w:pPr><w:r><w:rPr><w:rFonts w:ascii="宋体" w:h-ansi="宋体" w:hint="fareast"/><wx:font wx:val="宋体"/><w:sz w:val="28"/><w:sz-cs w:val="28"/></w:rPr><w:t>${openAccNo}</w:t></w:r></w:p></w:tc></w:tr><w:tr wsp:rsidR="0054198B" wsp:rsidTr="00E20018"><w:trPr><w:cantSplit/><w:trHeight w:val="570"/></w:trPr><w:tc><w:tcPr><w:tcW w:w="2127" w:type="dxa"/><w:vAlign w:val="center"/></w:tcPr><w:p wsp:rsidR="0054198B" wsp:rsidRDefault="001D5D28"><w:pPr><w:jc w:val="center"/><w:rPr><w:rFonts w:fareast="黑体"/><w:b/><w:b-cs/><w:sz w:val="28"/><w:sz-cs w:val="28"/></w:rPr></w:pPr><w:r><w:rPr><w:rFonts w:fareast="黑体" w:hint="fareast"/><wx:font wx:val="黑体"/><w:b/><w:b-cs/><w:sz w:val="28"/><w:sz-cs w:val="28"/></w:rPr><w:t>分红方式</w:t></w:r></w:p></w:tc><w:tc><w:tcPr><w:tcW w:w="8363" w:type="dxa"/><w:gridSpan w:val="7"/></w:tcPr><w:p wsp:rsidR="0054198B" wsp:rsidRDefault="00C70AFF"><w:pPr><w:ind w:first-line-chars="500" w:first-line="1400"/><w:rPr><w:rFonts w:fareast="仿宋_GB2312"/><w:sz w:val="28"/><w:sz-cs w:val="28"/></w:rPr></w:pPr><w:r wsp:rsidRPr="00C70AFF"><w:rPr><w:sz w:val="28"/><w:sz-cs w:val="28"/></w:rPr><w:pict><v:shape id="Text Box 12" o:spid="_x0000_s1034" type="#_x0000_t202" style="position:absolute;left:0;text-align:left;margin-left:258.2pt;margin-top:8.95pt;width:14.15pt;height:14.15pt;z-index:10;mso-position-horizontal-relative:text;mso-position-vertical-relative:text" filled="f"><o:lock v:ext="edit" aspectratio="t"/><v:textbox inset="1mm,0,0,1mm"><w:txbxContent><w:p wsp:rsidR="0054198B" wsp:rsidRDefault="001D5D28"><w:pPr><w:rPr><w:rFonts w:ascii="Calibri" w:h-ansi="Calibri"/><wx:font wx:val="Calibri"/><w:b/><w:sz w:val="18"/><w:sz-cs w:val="18"/></w:rPr></w:pPr><w:r><w:rPr><w:rFonts w:ascii="Calibri" w:h-ansi="Calibri" w:hint="fareast"/><wx:font wx:val="Calibri"/><w:b-cs/><w:sz w:val="18"/><w:sz-cs w:val="18"/></w:rPr><w:t>${ztz}</w:t></w:r></w:p></w:txbxContent></v:textbox></v:shape></w:pict></w:r><w:r wsp:rsidRPr="00C70AFF"><w:rPr><w:sz w:val="28"/><w:sz-cs w:val="28"/></w:rPr><w:pict><v:shape id="Text Box 11" o:spid="_x0000_s1035" type="#_x0000_t202" style="position:absolute;left:0;text-align:left;margin-left:131.05pt;margin-top:10.45pt;width:14.15pt;height:14.15pt;z-index:9;mso-position-horizontal-relative:text;mso-position-vertical-relative:text" filled="f"><o:lock v:ext="edit" aspectratio="t"/><v:textbox inset="1mm,0,0,1mm"><w:txbxContent><w:p wsp:rsidR="0054198B" wsp:rsidRDefault="001D5D28"><w:pPr><w:rPr><w:rFonts w:ascii="Calibri" w:h-ansi="Calibri"/><wx:font wx:val="Calibri"/><w:b/><w:sz w:val="18"/><w:sz-cs w:val="18"/></w:rPr></w:pPr><w:r><w:rPr><w:rFonts w:ascii="Calibri" w:h-ansi="Calibri" w:hint="fareast"/><wx:font wx:val="Calibri"/><w:b-cs/><w:sz w:val="18"/><w:sz-cs w:val="18"/></w:rPr><w:t>${xj}</w:t></w:r></w:p></w:txbxContent></v:textbox></v:shape></w:pict></w:r><w:r wsp:rsidR="001D5D28"><w:rPr><w:rFonts w:hint="fareast"/><wx:font wx:val="宋体"/><w:sz w:val="28"/><w:sz-cs w:val="28"/></w:rPr><w:t>现金分红</w:t></w:r><w:r wsp:rsidR="001D5D28"><w:rPr><w:rFonts w:hint="fareast"/><w:sz w:val="28"/><w:sz-cs w:val="28"/></w:rPr><w:t>        </w:t></w:r><w:r wsp:rsidR="001D5D28"><w:rPr><w:rFonts w:hint="fareast"/><wx:font wx:val="宋体"/><w:sz w:val="28"/><w:sz-cs w:val="28"/></w:rPr><w:t>红利转投资</w:t></w:r></w:p></w:tc></w:tr><w:tr wsp:rsidR="0054198B" wsp:rsidTr="00E20018"><w:trPr><w:cantSplit/><w:trHeight w:val="570"/></w:trPr><w:tc><w:tcPr><w:tcW w:w="2127" w:type="dxa"/><w:vAlign w:val="center"/></w:tcPr><w:p wsp:rsidR="0054198B" wsp:rsidRDefault="001D5D28"><w:pPr><w:jc w:val="center"/><w:rPr><w:rFonts w:fareast="仿宋_GB2312"/><w:sz w:val="28"/><w:sz-cs w:val="28"/></w:rPr></w:pPr><w:r><w:rPr><w:rFonts w:fareast="黑体" w:hint="fareast"/><wx:font wx:val="黑体"/><w:b/><w:b-cs/><w:sz w:val="28"/><w:sz-cs w:val="28"/></w:rPr><w:t>交易方式</w:t></w:r></w:p></w:tc><w:tc><w:tcPr><w:tcW w:w="8363" w:type="dxa"/><w:gridSpan w:val="7"/></w:tcPr><w:p wsp:rsidR="0054198B" wsp:rsidRDefault="00C70AFF"><w:pPr><w:ind w:first-line-chars="500" w:first-line="1400"/><w:rPr><w:sz w:val="28"/><w:sz-cs w:val="28"/></w:rPr></w:pPr><w:r><w:rPr><w:sz w:val="28"/><w:sz-cs w:val="28"/></w:rPr><w:pict><v:shape id="Text Box 14" o:spid="_x0000_s1036" type="#_x0000_t202" style="position:absolute;left:0;text-align:left;margin-left:258.2pt;margin-top:9.5pt;width:14.15pt;height:14.15pt;z-index:12;mso-position-horizontal-relative:text;mso-position-vertical-relative:text" filled="f"><o:lock v:ext="edit" aspectratio="t"/><v:textbox inset="1mm,0,0,1mm"><w:txbxContent><w:p wsp:rsidR="0054198B" wsp:rsidRDefault="001D5D28"><w:pPr><w:rPr><w:rFonts w:ascii="Calibri" w:h-ansi="Calibri"/><wx:font wx:val="Calibri"/><w:b/><w:sz w:val="18"/><w:sz-cs w:val="18"/></w:rPr></w:pPr><w:r><w:rPr><w:rFonts w:ascii="Calibri" w:h-ansi="Calibri" w:hint="fareast"/><wx:font wx:val="Calibri"/><w:b-cs/><w:sz w:val="18"/><w:sz-cs w:val="18"/></w:rPr><w:t>${cz}</w:t></w:r></w:p></w:txbxContent></v:textbox></v:shape></w:pict></w:r><w:r><w:rPr><w:sz w:val="28"/><w:sz-cs w:val="28"/></w:rPr><w:pict><v:shape id="Text Box 13" o:spid="_x0000_s1037" type="#_x0000_t202" style="position:absolute;left:0;text-align:left;margin-left:131.05pt;margin-top:9.5pt;width:14.15pt;height:14.15pt;z-index:11;mso-position-horizontal-relative:text;mso-position-vertical-relative:text" filled="f"><o:lock v:ext="edit" aspectratio="t"/><v:textbox inset="1mm,0,0,1mm"><w:txbxContent><w:p wsp:rsidR="0054198B" wsp:rsidRDefault="001D5D28"><w:pPr><w:rPr><w:rFonts w:ascii="Calibri" w:h-ansi="Calibri"/><wx:font wx:val="Calibri"/><w:b/><w:sz w:val="18"/><w:sz-cs w:val="18"/></w:rPr></w:pPr><w:r><w:rPr><w:rFonts w:ascii="Calibri" w:h-ansi="Calibri" w:hint="fareast"/><wx:font wx:val="Calibri"/><w:b-cs/><w:sz w:val="18"/><w:sz-cs w:val="18"/></w:rPr><w:t>${gtjy}</w:t></w:r></w:p></w:txbxContent></v:textbox></v:shape></w:pict></w:r><w:r wsp:rsidR="001D5D28"><w:rPr><w:rFonts w:hint="fareast"/><wx:font wx:val="宋体"/><w:sz w:val="28"/><w:sz-cs w:val="28"/></w:rPr><w:t>柜台交易</w:t></w:r><w:r wsp:rsidR="001D5D28"><w:rPr><w:rFonts w:hint="fareast"/><w:sz w:val="28"/><w:sz-cs w:val="28"/></w:rPr><w:t>        </w:t></w:r><w:r wsp:rsidR="001D5D28"><w:rPr><w:rFonts w:hint="fareast"/><wx:font wx:val="宋体"/><w:sz w:val="28"/><w:sz-cs w:val="28"/></w:rPr><w:t>传真交易</w:t></w:r></w:p></w:tc></w:tr><w:tr wsp:rsidR="0054198B" wsp:rsidTr="00E20018"><w:trPr><w:cantSplit/><w:trHeight w:val="570"/></w:trPr><w:tc><w:tcPr><w:tcW w:w="10490" w:type="dxa"/><w:gridSpan w:val="8"/></w:tcPr><w:p wsp:rsidR="0054198B" wsp:rsidRDefault="001D5D28"><w:pPr><w:jc w:val="center"/><w:rPr><w:sz w:val="28"/><w:sz-cs w:val="28"/></w:rPr></w:pPr><w:r><w:rPr><w:rFonts w:hint="fareast"/><wx:font wx:val="宋体"/><w:sz w:val="28"/><w:sz-cs w:val="28"/></w:rPr><w:t>新华资产联系人信息</w:t></w:r></w:p></w:tc></w:tr><w:tr wsp:rsidR="0054198B" wsp:rsidTr="00E20018"><w:trPr><w:trHeight w:val="570"/></w:trPr><w:tc><w:tcPr><w:tcW w:w="2127" w:type="dxa"/></w:tcPr><w:p wsp:rsidR="0054198B" wsp:rsidRDefault="001D5D28"><w:pPr><w:ind w:first-line-chars="200" w:first-line="560"/><w:rPr><w:sz w:val="28"/><w:sz-cs w:val="28"/></w:rPr></w:pPr><w:r><w:rPr><w:rFonts w:hint="fareast"/><wx:font wx:val="宋体"/><w:sz w:val="28"/><w:sz-cs w:val="28"/></w:rPr><w:t>姓名</w:t></w:r></w:p></w:tc><w:tc><w:tcPr><w:tcW w:w="2296" w:type="dxa"/><w:gridSpan w:val="2"/></w:tcPr><w:p wsp:rsidR="0054198B" wsp:rsidRDefault="001D5D28"><w:pPr><w:rPr><w:rFonts w:ascii="宋体" w:h-ansi="宋体"/><wx:font wx:val="宋体"/><w:sz w:val="28"/><w:sz-cs w:val="28"/></w:rPr></w:pPr><w:r><w:rPr><w:rFonts w:ascii="宋体" w:h-ansi="宋体" w:hint="fareast"/><wx:font wx:val="宋体"/><w:sz w:val="28"/><w:sz-cs w:val="28"/></w:rPr><w:t>${linkMan}</w:t></w:r></w:p></w:tc><w:tc><w:tcPr><w:tcW w:w="1620" w:type="dxa"/><w:gridSpan w:val="2"/></w:tcPr><w:p wsp:rsidR="0054198B" wsp:rsidRDefault="001D5D28"><w:pPr><w:rPr><w:sz w:val="28"/><w:sz-cs w:val="28"/></w:rPr></w:pPr><w:r><w:rPr><w:rFonts w:hint="fareast"/><wx:font wx:val="宋体"/><w:sz w:val="28"/><w:sz-cs w:val="28"/></w:rPr><w:t>身份证号码</w:t></w:r></w:p></w:tc><w:tc><w:tcPr><w:tcW w:w="4447" w:type="dxa"/><w:gridSpan w:val="3"/></w:tcPr><w:p wsp:rsidR="0054198B" wsp:rsidRDefault="001D5D28"><w:pPr><w:rPr><w:rFonts w:ascii="宋体" w:h-ansi="宋体"/><wx:font wx:val="宋体"/><w:sz w:val="28"/><w:sz-cs w:val="28"/></w:rPr></w:pPr><w:r><w:rPr><w:rFonts w:ascii="宋体" w:h-ansi="宋体" w:hint="fareast"/><wx:font wx:val="宋体"/><w:sz w:val="28"/><w:sz-cs w:val="28"/></w:rPr><w:t>${linkNo}</w:t></w:r></w:p></w:tc></w:tr><w:tr wsp:rsidR="0054198B" wsp:rsidTr="00E20018"><w:trPr><w:trHeight w:val="705"/></w:trPr><w:tc><w:tcPr><w:tcW w:w="2127" w:type="dxa"/></w:tcPr><w:p wsp:rsidR="0054198B" wsp:rsidRDefault="001D5D28"><w:pPr><w:rPr><w:sz w:val="28"/><w:sz-cs w:val="28"/></w:rPr></w:pPr><w:r><w:rPr><w:rFonts w:hint="fareast"/><w:sz w:val="28"/><w:sz-cs w:val="28"/></w:rPr><w:t>   </w:t></w:r><w:r><w:rPr><w:rFonts w:hint="fareast"/><wx:font wx:val="宋体"/><w:sz w:val="28"/><w:sz-cs w:val="28"/></w:rPr><w:t>办公电话</w:t></w:r></w:p></w:tc><w:tc><w:tcPr><w:tcW w:w="2296" w:type="dxa"/><w:gridSpan w:val="2"/></w:tcPr><w:p wsp:rsidR="0054198B" wsp:rsidRDefault="001D5D28"><w:pPr><w:rPr><w:rFonts w:ascii="宋体" w:h-ansi="宋体"/><wx:font wx:val="宋体"/><w:sz w:val="28"/><w:sz-cs w:val="28"/></w:rPr></w:pPr><w:r><w:rPr><w:rFonts w:ascii="宋体" w:h-ansi="宋体" w:hint="fareast"/><wx:font wx:val="宋体"/><w:sz w:val="28"/><w:sz-cs w:val="28"/></w:rPr><w:t>${linkTel}</w:t></w:r></w:p></w:tc><w:tc><w:tcPr><w:tcW w:w="1620" w:type="dxa"/><w:gridSpan w:val="2"/></w:tcPr><w:p wsp:rsidR="0054198B" wsp:rsidRDefault="001D5D28"><w:pPr><w:rPr><w:sz w:val="28"/><w:sz-cs w:val="28"/></w:rPr></w:pPr><w:r><w:rPr><w:rFonts w:hint="fareast"/><wx:font wx:val="宋体"/><w:sz w:val="28"/><w:sz-cs w:val="28"/></w:rPr><w:t>手机号码</w:t></w:r></w:p></w:tc><w:tc><w:tcPr><w:tcW w:w="4447" w:type="dxa"/><w:gridSpan w:val="3"/></w:tcPr><w:p wsp:rsidR="0054198B" wsp:rsidRDefault="001D5D28"><w:pPr><w:rPr><w:rFonts w:ascii="宋体" w:h-ansi="宋体"/><wx:font wx:val="宋体"/><w:sz w:val="28"/><w:sz-cs w:val="28"/></w:rPr></w:pPr><w:r><w:rPr><w:rFonts w:ascii="宋体" w:h-ansi="宋体" w:hint="fareast"/><wx:font wx:val="宋体"/><w:sz w:val="28"/><w:sz-cs w:val="28"/></w:rPr><w:t>${mobilNo}</w:t></w:r></w:p></w:tc></w:tr><w:tr wsp:rsidR="0054198B" wsp:rsidTr="00E20018"><w:trPr><w:trHeight w:val="630"/></w:trPr><w:tc><w:tcPr><w:tcW w:w="2127" w:type="dxa"/></w:tcPr><w:p wsp:rsidR="0054198B" wsp:rsidRDefault="001D5D28"><w:pPr><w:rPr><w:sz w:val="28"/><w:sz-cs w:val="28"/></w:rPr></w:pPr><w:r><w:rPr><w:rFonts w:hint="fareast"/><w:sz w:val="28"/><w:sz-cs w:val="28"/></w:rPr><w:t>   </w:t></w:r><w:r><w:rPr><w:rFonts w:hint="fareast"/><wx:font wx:val="宋体"/><w:sz w:val="28"/><w:sz-cs w:val="28"/></w:rPr><w:t>传真电话</w:t></w:r></w:p></w:tc><w:tc><w:tcPr><w:tcW w:w="2296" w:type="dxa"/><w:gridSpan w:val="2"/></w:tcPr><w:p wsp:rsidR="0054198B" wsp:rsidRDefault="001D5D28"><w:pPr><w:rPr><w:rFonts w:ascii="宋体" w:h-ansi="宋体"/><wx:font wx:val="宋体"/><w:sz w:val="28"/><w:sz-cs w:val="28"/></w:rPr></w:pPr><w:r><w:rPr><w:rFonts w:ascii="宋体" w:h-ansi="宋体" w:hint="fareast"/><wx:font wx:val="宋体"/><w:sz w:val="28"/><w:sz-cs w:val="28"/></w:rPr><w:t>${faxNo}</w:t></w:r></w:p></w:tc><w:tc><w:tcPr><w:tcW w:w="1620" w:type="dxa"/><w:gridSpan w:val="2"/></w:tcPr><w:p wsp:rsidR="0054198B" wsp:rsidRDefault="001D5D28"><w:pPr><w:rPr><w:sz w:val="28"/><w:sz-cs w:val="28"/></w:rPr></w:pPr><w:r><w:rPr><w:rFonts w:hint="fareast"/><wx:font wx:val="宋体"/><w:sz w:val="28"/><w:sz-cs w:val="28"/></w:rPr><w:t>通信地址</w:t></w:r></w:p></w:tc><w:tc><w:tcPr><w:tcW w:w="4447" w:type="dxa"/><w:gridSpan w:val="3"/></w:tcPr><w:p wsp:rsidR="0054198B" wsp:rsidRDefault="001D5D28"><w:pPr><w:rPr><w:rFonts w:ascii="宋体" w:h-ansi="宋体"/><wx:font wx:val="宋体"/><w:sz-cs w:val="21"/></w:rPr></w:pPr><w:r><w:rPr><w:rFonts w:ascii="宋体" w:h-ansi="宋体" w:hint="fareast"/><wx:font wx:val="宋体"/><w:sz w:val="28"/><w:sz-cs w:val="28"/></w:rPr><w:t>${linkAddr}</w:t></w:r></w:p></w:tc></w:tr><w:tr wsp:rsidR="0054198B" wsp:rsidTr="00E20018"><w:trPr><w:cantSplit/><w:trHeight w:val="2176"/></w:trPr><w:tc><w:tcPr><w:tcW w:w="2127" w:type="dxa"/></w:tcPr><w:p wsp:rsidR="0054198B" wsp:rsidRDefault="001D5D28"><w:pPr><w:ind w:first-line-chars="100" w:first-line="280"/><w:rPr><w:sz w:val="28"/><w:sz-cs w:val="28"/></w:rPr></w:pPr><w:r><w:rPr><w:rFonts w:hint="fareast"/><wx:font wx:val="宋体"/><w:sz w:val="28"/><w:sz-cs w:val="28"/></w:rPr><w:t>备注信息</w:t></w:r></w:p></w:tc><w:tc><w:tcPr><w:tcW w:w="8363" w:type="dxa"/><w:gridSpan w:val="7"/></w:tcPr><w:p wsp:rsidR="0054198B" wsp:rsidRDefault="001D5D28"><w:pPr><w:rPr><w:rFonts w:ascii="宋体" w:h-ansi="宋体"/><wx:font wx:val="宋体"/><w:sz w:val="28"/><w:sz-cs w:val="28"/></w:rPr></w:pPr><w:r><w:rPr><w:rFonts w:ascii="宋体" w:h-ansi="宋体" w:hint="fareast"/><wx:font wx:val="宋体"/><w:sz w:val="28"/><w:sz-cs w:val="28"/></w:rPr><w:t>${beizhu}</w:t></w:r></w:p></w:tc></w:tr><w:tr wsp:rsidR="0054198B" wsp:rsidTr="00E20018"><w:trPr><w:trHeight w:val="510"/></w:trPr><w:tc><w:tcPr><w:tcW w:w="2127" w:type="dxa"/></w:tcPr><w:p wsp:rsidR="0054198B" wsp:rsidRDefault="001D5D28"><w:pPr><w:rPr><w:sz w:val="28"/><w:sz-cs w:val="28"/></w:rPr></w:pPr><w:r><w:rPr><w:rFonts w:hint="fareast"/><wx:font wx:val="宋体"/><w:sz w:val="28"/><w:sz-cs w:val="28"/></w:rPr><w:t>经办人签章</w:t></w:r></w:p></w:tc><w:tc><w:tcPr><w:tcW w:w="1843" w:type="dxa"/></w:tcPr><w:p wsp:rsidR="0054198B" wsp:rsidRDefault="00E20018" wsp:rsidP="008D433E"><w:pPr><w:jc w:val="center"/><w:rPr><w:rFonts w:ascii="宋体" w:h-ansi="宋体"/><wx:font wx:val="宋体"/><w:sz w:val="28"/><w:sz-cs w:val="28"/></w:rPr></w:pPr><w:r><w:rPr><w:rFonts w:ascii="宋体" w:h-ansi="宋体"/><wx:font wx:val="宋体"/><w:sz w:val="28"/><w:sz-cs w:val="28"/></w:rPr><w:pict><v:shapetype id="_x0000_t75" coordsize="21600,21600" o:spt="75" o:preferrelative="t" path="m@4@5l@4@11@9@11@9@5xe" filled="f" stroked="f"><v:stroke joinstyle="miter"/><v:formulas><v:f eqn="if lineDrawn pixelLineWidth 0"/><v:f eqn="sum @0 1 0"/><v:f eqn="sum 0 0 @1"/><v:f eqn="prod @2 1 2"/><v:f eqn="prod @3 21600 pixelWidth"/><v:f eqn="prod @3 21600 pixelHeight"/><v:f eqn="sum @0 0 1"/><v:f eqn="prod @6 1 2"/><v:f eqn="prod @7 21600 pixelWidth"/><v:f eqn="sum @8 21600 0"/><v:f eqn="prod @7 21600 pixelHeight"/><v:f eqn="sum @10 21600 0"/></v:formulas><v:path o:extrusionok="f" gradientshapeok="t" o:connecttype="rect"/><o:lock v:ext="edit" aspectratio="t"/></v:shapetype><w:binData w:name="wordml://03000001.png" xml:space="preserve">${createLogo}
</w:binData><v:shape id="_x0000_i1025" type="#_x0000_t75" style="width:88.5pt;height:29.25pt"><v:imagedata src="wordml://03000001.png" o:title="经办"/></v:shape></w:pict></w:r></w:p></w:tc><w:tc><w:tcPr><w:tcW w:w="1701" w:type="dxa"/><w:gridSpan w:val="2"/></w:tcPr><w:p wsp:rsidR="0054198B" wsp:rsidRDefault="001D5D28"><w:pPr><w:rPr><w:sz w:val="28"/><w:sz-cs w:val="28"/></w:rPr></w:pPr><w:r><w:rPr><w:rFonts w:hint="fareast"/><wx:font wx:val="宋体"/><w:sz w:val="28"/><w:sz-cs w:val="28"/></w:rPr><w:t>复核人签章</w:t></w:r></w:p></w:tc><w:tc><w:tcPr><w:tcW w:w="1843" w:type="dxa"/><w:gridSpan w:val="2"/></w:tcPr><w:p wsp:rsidR="0054198B" wsp:rsidRDefault="00E20018"><w:pPr><w:rPr><w:rFonts w:ascii="宋体" w:h-ansi="宋体"/><wx:font wx:val="宋体"/><w:sz w:val="28"/><w:sz-cs w:val="28"/></w:rPr></w:pPr><w:r><w:rPr><w:rFonts w:ascii="宋体" w:h-ansi="宋体"/><wx:font wx:val="宋体"/><w:sz w:val="28"/><w:sz-cs w:val="28"/></w:rPr><w:pict><w:binData w:name="wordml://03000002.png" xml:space="preserve">${reviewLogo}
</w:binData><v:shape id="_x0000_i1026" type="#_x0000_t75" style="width:88.5pt;height:30pt"><v:imagedata src="wordml://03000002.png" o:title="复核"/></v:shape></w:pict></w:r></w:p></w:tc><w:tc><w:tcPr><w:tcW w:w="1134" w:type="dxa"/></w:tcPr><w:p wsp:rsidR="0054198B" wsp:rsidRDefault="001D5D28"><w:pPr><w:rPr><w:sz w:val="28"/><w:sz-cs w:val="28"/></w:rPr></w:pPr><w:r><w:rPr><w:rFonts w:hint="fareast"/><wx:font wx:val="宋体"/><w:sz w:val="28"/><w:sz-cs w:val="28"/></w:rPr><w:t>审批人</w:t></w:r></w:p></w:tc><w:tc><w:tcPr><w:tcW w:w="1843" w:type="dxa"/></w:tcPr><w:p wsp:rsidR="0054198B" wsp:rsidRDefault="00E20018"><w:pPr><w:rPr><w:rFonts w:ascii="宋体" w:h-ansi="宋体"/><wx:font wx:val="宋体"/><w:sz w:val="28"/><w:sz-cs w:val="28"/></w:rPr></w:pPr><w:r><w:rPr><w:rFonts w:ascii="宋体" w:h-ansi="宋体"/><wx:font wx:val="宋体"/><w:sz w:val="28"/><w:sz-cs w:val="28"/></w:rPr><w:pict><w:binData w:name="wordml://03000003.png" xml:space="preserve">${checkLogo}
</w:binData><v:shape id="_x0000_i1027" type="#_x0000_t75" style="width:89.25pt;height:28.5pt"><v:imagedata src="wordml://03000003.png" o:title="审批"/></v:shape></w:pict></w:r></w:p></w:tc></w:tr></w:tbl><w:p wsp:rsidR="001D5D28" wsp:rsidRDefault="001D5D28"/></wx:sub-section></wx:sub-section><w:sectPr wsp:rsidR="001D5D28" wsp:rsidSect="0054198B"><w:pgSz w:w="11906" w:h="16838"/><w:pgMar w:top="1440" w:right="1797" w:bottom="1440" w:left="1797" w:header="851" w:footer="992" w:gutter="0"/><w:cols w:space="720"/><w:docGrid w:type="lines" w:line-pitch="312"/></w:sectPr></w:body></w:wordDocument>