<?xml version="1.0" encoding="UTF-8"?>
<Readme>
  <Standard>
    <TempCode>HKZL_ZX</TempCode>
    <TempName>中信银行资产管理业务划款指令</TempName>
    <TempVersion>V4.0.0.0.1</TempVersion>
    <TempType>TEMP_ZL</TempType>
    <TempSecurity></TempSecurity>
    <TempDesc>中信银行资产管理业务划款指令</TempDesc>
    <InsName>中信银行资产管理业务划款指令${ordNum}.xml</InsName>
  <InsSuff>doc</InsSuff>
  </Standard>
  <ServerMode mode="Sql">
  <SqlConfig>
  <SqlCode>SQL_ZL</SqlCode>
  <SqlName>指令信息抓取</SqlName>
  <Sql>
  SELECT DISTINCT
  a.C_IDEN, 
  nvl(c.C_PORT_NAME_ST,' ') as FUNDNAME, 
  to_char(sysdate,'yyyy') as year,
  case(n.c_dc_name) when '人民币' then '元' else n.c_dc_name end as danwei, 
  a.C_IDEN as ordNum, 
  date2Str(a.D_ORD) as ordDate,
  nvl(a.C_OPEN_ACC_NAME_I,' ') as openAccNameI, 
  nvl(a.C_OPEN_ADDR_I,' ') as openAddrI, 
  nvl(a.C_OPEN_ACC_NO_I,' ') as openAccI, 
  nvl(a.C_OPEN_ACC_NAME,' ') as openAccName, 
  nvl(a.C_OPEN_ADDR,' ') as openBank, 
  nvl(a.C_OPEN_ACC_NO,' ') as openAccNo, 
  substr(dealnum(a.N_ORD_MONEY),2) as ordMoney, 
  money2chinese(a.N_ORD_MONEY) as ordMoneyUpper, 
  nvl(a.C_USAGE,' ') as usage, 
  nvl(a.C_DESC,' ') as ordDesc, 
  b.c_img_path as orgLogo,
  f.c_img_path as createLogo, 
  i.c_img_path as reviewLogo, 
  l.c_img_path as checkLogo,
  decode(a.c_dv_ord_type,'ZHZLLX_ZF',m.c_img_path,'') as cancelLogo
  FROM T_C_CM_MGR a 
  left join t_c_cp_seal b on 
  b.c_dv_seal = 'comSeal'
  left join (select C_PORT_CODE,C_PORT_NAME_ST from t_p_ab_port) c on 
  c.C_PORT_CODE = a.C_PORT_CODE
  left join T_S_DC_CURY n on n.c_dc_code=a.c_dc_code_i
  left join (select d.c_seal_man,d.c_img_path from t_c_cp_seal d right join t_c_cm_mgr e on e.c_create_by=d.c_seal_man and d.c_dv_seal= 'peosignature') f 
  on a.c_create_by=f.c_seal_man 
  left join (select g.c_seal_man,g.c_img_path from t_c_cp_seal g right join t_c_cm_mgr h on h.c_review_by=g.c_seal_man and g.c_dv_seal= 'peosignature') i
  on a.c_review_by=i.c_seal_man
  left join (select j.c_seal_man,j.c_img_path from t_c_cp_seal j right join t_c_cm_mgr k on k.c_check_by=j.c_seal_man and j.c_dv_seal= 'peosignature') l
  on a.c_check_by=l.c_seal_man
  left join (select * from t_c_cp_seal where c_dv_seal = 'cancelSeal') m on m.c_dv_seal = 'cancelSeal'
  WHERE a.C_IDEN in(select * from table(?))  and rownum=1
  </Sql>
  </SqlConfig>
  </ServerMode>
  <ElemConfig>
  <Element ElemCode="FUNDNAME" ElemName="基金名称" ElemType="ELEM_SERVER"/>
  <Element ElemCode="year" ElemName="年份" ElemType="ELEM_SERVER"/>
  <Element ElemCode="ordNum" ElemName="编号" ElemType="ELEM_SERVER"/>
  <Element ElemCode="ordDate" ElemName="日期" ElemType="ELEM_SERVER"/>
  <Element ElemCode="payDate" ElemName="划款日期" ElemType="ELEM_SERVER"/>
  <Element ElemCode="payTime" ElemName="划款时间" ElemType="ELEM_SERVER"/>
  <Element ElemCode="settDate" ElemName="到帐日期" ElemType="ELEM_SERVER"/>
  <Element ElemCode="settTime" ElemName="到帐时间" ElemType="ELEM_SERVER"/>
  <Element ElemCode="danwei" ElemName="单位" ElemType="ELEM_SERVER"/>
  <Element ElemCode="openAccNameI" ElemName="付款人名称" ElemType="ELEM_SERVER"/>
  <Element ElemCode="openAddrI" ElemName="付款银行" ElemType="ELEM_SERVER"/>
  <Element ElemCode="openAccI" ElemName="付款银行帐号" ElemType="ELEM_SERVER"/>
  <Element ElemCode="openAccName" ElemName="收款人名称" ElemType="ELEM_SERVER"/>
  <Element ElemCode="openBank" ElemName="开户行" ElemType="ELEM_SERVER"/>
  <Element ElemCode="openAccNo" ElemName="收款方帐号" ElemType="ELEM_SERVER"/>
  <Element ElemCode="ordMoney" ElemName="划款金额(小写)" ElemType="ELEM_SERVER"/>
  <Element ElemCode="ordMoneyUpper" ElemName="划款金额(大写)" ElemType="ELEM_SERVER"/>
  <Element ElemCode="usage" ElemName="划款用途" ElemType="ELEM_SERVER"/>
  <Element ElemCode="ordDesc" ElemName="备注" ElemType="ELEM_SERVER"/>
  <Element ElemCode="orgLogo" ElemName="管理人签章" ElemType="ELEM_SERVER"/>
  <Element ElemCode="cancelLogo" ElemName="作废章" ElemType="ELEM_SERVER"/>
  <Element ElemCode="checkLogo" ElemName="审批人" ElemType="ELEM_SERVER"/>
  <Element ElemCode="reviewLogo" ElemName="复核人" ElemType="ELEM_SERVER"/>
  <Element ElemCode="createLogo" ElemName="经办人" ElemType="ELEM_SERVER"/>
  </ElemConfig>
</Readme>