﻿<?xml version="1.0" encoding="utf-8"?>
<export>
	<info>
		<code>INFO_ER_ZL_JH_CX</code>
		<name>建行撤销指令"</name>
		<type>TEMP_ZL_SZT_CX</type>
		<desc>生成划款指令对账XML文档</desc>
		<version>v1.0.0</version>
	</info>
	<template persistence="false">
		<file name="1341CCB[id][yyyyMMdd].xml" type="XML" encoding="GBK">
			<!-- root 根节点 datasource 子节点的数据集 headName 节点显示的名称 sourceField 数据集所取字段 ref 模板文件-->
			<root code="INFO_ER_ZL_JH_CX" name="建行撤销指令" ref = "template.xml" datasource = "ds0" ></root>
			<condition code="id" lable="主键" type="id" />
			<catalog code="INFO_ER_ZL_JH_CX" name="对账接口">
				<parent code="D_ER" name="对账类"/>
			</catalog>
			
			<datasource code="ds0" type="sql">
			 select 
			 '1341' AS C_FILE_TYPE,
			 C_PORT_CODE AS C_ASS_CODE,
			 '01' AS C_RPT_TYPE,
			 to_char(D_ORD,'yyyyMMdd') AS D_START_DATE,
			 to_char(D_ORD,'yyyyMMdd')  AS D_END_DATE,
			 '0021' AS DEPT_CODE,
			 '' AS CERT_ID,
			 'DZ'||C_IDEN AS C_SN,
			 B.C_HK_CODE AS BSN_TP_CODE
			 'ZLS'||A.C_PORT_CODE||to_char(D_ORD,'yyyyMMdd')||A.N_ORD_NUM AS SEQ_NO
			 from T_C_CM_MGR A 
			 LEFT JOIN  (SELECT C_HK_CODE,C_BUS_TYPE FROM T_P_OD_BUSTYPE_RELA WHERE C_BANK = 'cbc') B 
       ON e.C_HK_CODE = A.C_PAY_TYPE
			 where A.C_IDEN = :id
			</datasource>
		</file>
	</template>
	
</export>
