<?xml version="1.0" encoding="UTF-8"?>
<Readme>
  <Standard>
    <TempCode>KJYWSG</TempCode>
    <TempName>开基业务申(认)购业务申请表</TempName>
    <TempVersion>V4.0.0.0.1</TempVersion>
    <TempType>OF</TempType>
    <TempSecurity></TempSecurity>
    <TempDesc>开放式基金申(认)购业务申请表</TempDesc>
    <InsName>开基业务申(认)购业务申请表.xml</InsName>
  <InsSuff>doc</InsSuff>
  </Standard>
  <ServerMode mode="Sql">
  <SqlConfig>
  <SqlCode>SQL_KJSG</SqlCode>
  <SqlName>开基业务申(认)购</SqlName>
  <Sql>
  select
  C_TradeNo as TradeNo,
  C_TRADE_NO_CANC as CancNO,
  C_Fund_Manger as FundManger,
  C_LinkMan as LinkMan,
  C_Link_Tel as LinkTel,
  C_Link_Fax as LinkFax,
  C_Invester as Invester,
  C_AccountNo as AccountNo,
  C_PAR_TYPE as ParType,
  C_PAR_NO as ParNo,
  C_FUND_NAME as FundName,
  C_FUND_CODE as FundCode,   
  C_OPER_NAME as operName, 
  C_OPER_PAR_TYPE as operParType,
  C_OPER_PAR_NO as  operParNO,
  C_OPER_PAR_TEL as operParTel,
  C_OPER_PAR_FAX as operParFax,
  date2Str(C_OPER_TERM) as  operTerm,
  date2Str(D_TRADE) as  dTrade,
  Case when C_DV_SHARE_TYPE = 'FHFS_XJ' then '√' else ' ' end as f1,
  Case when C_DV_SHARE_TYPE = 'FHFS_ZT' then '√' else ' ' end as f2,
  Case when C_DV_FEE_TYPE = 'FEE_QD' then '√' else ' ' end as s1,
  Case when C_DV_FEE_TYPE = 'FEE_HD' then '√' else ' ' end as s2,
  getLeftNum(to_char(N_MONEY),11) as i0,
  getLeftNum(to_char(N_MONEY),10) as i1,
  getLeftNum(to_char(N_MONEY),9) as i2,
  getLeftNum(to_char(N_MONEY),8) as i3,
  getLeftNum(to_char(N_MONEY),7) as i4,
  getLeftNum(to_char(N_MONEY),6) as i5,
  getLeftNum(to_char(N_MONEY),5) as i6,
  getLeftNum(to_char(N_MONEY),4) as i7,
  getLeftNum(to_char(N_MONEY),3) as i8,
  getLeftNum(to_char(N_MONEY),2) as i9,
  getLeftNum(to_char(N_MONEY),1) as i10,
  getLeftNum(to_char(N_MONEY),-1) as i11,
  getLeftNum(to_char(N_MONEY),-2)  as i12,
  num2StrXh(N_MONEY,0) as je,
  b.c_img_path as operLogo,   
  c.c_img_path as orgOperLogo, 
  d.c_img_path as orgLogo    
  from T_D_OD_TRADE_SALE a
  left join t_c_cp_seal b on 
  a.C_OPER_NAME = b.c_seal_man
  and b.C_PORT_CODE = a.c_fund_code
  and b.c_dv_seal = 'peoSeal'
  left join t_c_cp_seal c on 
  a.C_LinkMan = c.c_seal_man
  and c.C_PORT_CODE = a.c_fund_code
  and b.c_dv_seal = 'peoSeal'
  left join t_c_cp_seal d on 
  d.c_port_code in (select c_port_code from T_P_AB_PORT_RELA where c_rela_code = a.C_AccountNo and c_rela_type = 'RELA_SH_ACC')
  and d.c_dv_seal = 'comSeal'
  where a.C_IDEN in (select * from table(?)) 		
  </Sql>
  </SqlConfig>
  </ServerMode>
  <ElemConfig>
  <Element ElemCode="TradeNo" ElemName="申请编号" ElemType="ELEM_SERVER"/>
  <Element ElemCode="CancNO" ElemName="撤销编号" ElemType="ELEM_SERVER"/>
  <Element ElemCode="FundManger" ElemName="基金管理人" ElemType="ELEM_SERVER"/>
  <Element ElemCode="LinkMan" ElemName="联系人" ElemType="ELEM_SERVER"/>
  <Element ElemCode="LinkTel" ElemName="电话" ElemType="ELEM_SERVER"/>
  <Element ElemCode="LinkFax" ElemName="传真" ElemType="ELEM_SERVER"/>
  <Element ElemCode="Invester" ElemName="投资人" ElemType="ELEM_SERVER"/>
  <Element ElemCode="AccountNo" ElemName="基金账号" ElemType="ELEM_SERVER"/>
  <Element ElemCode="ParType" ElemName="证件类型" ElemType="ELEM_SERVER"/>
  <Element ElemCode="ParNo" ElemName="证件账号" ElemType="ELEM_SERVER"/>
  <Element ElemCode="FundName" ElemName="基金名称" ElemType="ELEM_SERVER"/>
  <Element ElemCode="FundCode" ElemName="基金代码" ElemType="ELEM_SERVER"/>
  <Element ElemCode="operName" ElemName="经办人" ElemType="ELEM_SERVER"/>
  <Element ElemCode="operParType" ElemName="经办人证件类型" ElemType="ELEM_SERVER"/>
  <Element ElemCode="operParNO" ElemName="经办人证件号码" ElemType="ELEM_SERVER"/>
  <Element ElemCode="operParTel" ElemName="经办人电话" ElemType="ELEM_SERVER"/>
  <Element ElemCode="operParFax" ElemName="经办人传真" ElemType="ELEM_SERVER"/>
  <Element ElemCode="operTerm" ElemName="经办人有效截止日" ElemType="ELEM_SERVER"/>
  <Element ElemCode="dTrade" ElemName="申请日期" ElemType="ELEM_SERVER"/>
  <Element ElemCode="f1" ElemName="现金分红" ElemType="ELEM_SERVER"/>
  <Element ElemCode="f2" ElemName="红利再投资" ElemType="ELEM_SERVER"/>
  <Element ElemCode="s1" ElemName="前端收费" ElemType="ELEM_SERVER"/>
  <Element ElemCode="s2" ElemName="后端收费" ElemType="ELEM_SERVER"/>
  <Element ElemCode="i0" ElemName="佰亿" ElemType="ELEM_SERVER"/>
  <Element ElemCode="i1" ElemName="十亿" ElemType="ELEM_SERVER"/>
  <Element ElemCode="i2" ElemName="亿" ElemType="ELEM_SERVER"/>
  <Element ElemCode="i3" ElemName="仟万" ElemType="ELEM_SERVER"/>
  <Element ElemCode="i4" ElemName="佰万" ElemType="ELEM_SERVER"/>
  <Element ElemCode="i5" ElemName="十万" ElemType="ELEM_SERVER"/>
  <Element ElemCode="i6" ElemName="万" ElemType="ELEM_SERVER"/>
  <Element ElemCode="i7" ElemName="仟" ElemType="ELEM_SERVER"/>
  <Element ElemCode="i8" ElemName="佰" ElemType="ELEM_SERVER"/>
  <Element ElemCode="i9" ElemName="十" ElemType="ELEM_SERVER"/>
  <Element ElemCode="i10" ElemName="元" ElemType="ELEM_SERVER"/>
  <Element ElemCode="i11" ElemName="角" ElemType="ELEM_SERVER"/>
  <Element ElemCode="i12" ElemName="分" ElemType="ELEM_SERVER"/>
  <Element ElemCode="je" ElemName="大写金额" ElemType="ELEM_SERVER"/>
  <Element ElemCode="operLogo" ElemName="经办人签章" ElemType="ELEM_SERVER"/>
  <Element ElemCode="orgLogo" ElemName="投资者机构签章" ElemType="ELEM_SERVER"/>
  <Element ElemCode="orgOperLogo" ElemName="投资者机构签章" ElemType="ELEM_SERVER"/>
  </ElemConfig>
</Readme>
