﻿<?xml version="1.0" encoding="utf-8"?>
<export>
	<info>
		<code>INFO_ER_ZL_ZH_LS</code>
		<name>中行账户历史明细指令模板</name>
		<type>TEMP_ZL_SZT_LS</type>
		<desc>中行账户历史明细查询</desc>
		<version>v1.0.0</version>
	</info>
	<template persistence="false">
		<file name="1081BOC[id][yyyyMMdd].xml" type="XML" encoding="GBK">
			<!-- root 根节点 datasource 子节点的数据集 headName 节点显示的名称 sourceField 数据集所取字段 ref 模板文件-->
			<root code="INFO_ER_ZL_ZH_LS" name="账户历史明细指令数据" ref = "template.xml" datasource = "ds0" ></root>
			<condition code="id" lable="物理主键" type="" />
			<condition code="D_START_DATE" lable="开始日期" type="" />
			<condition code="D_END_DATE" lable="截止日期" type="" />
			<catalog code="INFO_ER_ZL" name="指令接口">
				<parent code="D_ER" name="对账类"/>
			</catalog>
			
			<datasource code="ds0" type="sql">
			 select 
			 '1081' AS C_FILE_TYPE,
			 nvl(A.C_ASS_CODE,P.C_ASS_CODE) AS C_ASS_CODE,
			 '08' AS C_RPT_TYPE,
			 replace(:D_START_DATE,'-','') AS D_START_DATE,
			 replace(:D_END_DATE,'-','') AS D_END_DATE,
			 (select c_dept_code
			  from T_D_ER_RELA
			 where c_tgh_code =
				   (select nvl(c_org_code_p, c_org_code)
					  from t_p_bi_org
					 where c_org_code =
               (select c_org_code from T_C_CP_FUND_ACC where c_iden = :id))) AS DEPT_CODE,
			 '' AS CERT_ID,
			 'DZ'||:id AS C_SN,
			 A.c_open_acc_no AS ACCNT_CODE,
			 A.c_open_acc_name AS ACCNT_NAME
			 From T_C_CP_FUND_ACC A  
			 left join T_P_AB_PORT P ON P.c_port_code = A.c_port_code
			 where A.C_IDEN = :id
			</datasource>
		</file>
	</template>
	
</export>
