﻿<?xml version="1.0" encoding="utf-8"?>
<export>
	<info>
		<code>INFO_ER_ZL_NH_ZH</code>
		<name>农行暂缓指令"</name>
		<type>TEMP_ZL_SZT_ZT</type>
		<desc>生成农行暂缓指令XML文档</desc>
		<version>v1.0.0</version>
	</info>
	<template persistence="false">
		<file name="TG105ABC[id][yyyyMMdd].xml" type="XML" encoding="GBK">
			<!-- root 根节点 datasource 子节点的数据集 headName 节点显示的名称 sourceField 数据集所取字段 ref 模板文件-->
			<root code="INFO_ER_ZL_NH_ZH" name="农行暂缓指令" ref = "template.xml" datasource = "ds0" ></root>
			<condition code="id" lable="主键" type="id" />
			<catalog code="INFO_ER_ZL_NH_ZH" name="对账接口">
				<parent code="D_ER" name="对账类"/>
			</catalog>
			<datasource code="ds0" type="sql">
			 select 
			 'TG105' AS transCode,
			  C_IDEN AS SerialNo,
			 'ZLS'||A.C_PORT_CODE||to_char(D_ORD,'yyyyMMdd')||A.N_ORD_NUM AS CustInsCode,
			 CASE WHEN A.C_DV_SEND_STATE='PAUSE' then '02' else '04' end  AS OperFlag,
			 A.C_UPDATE_BY AS UserID
			 from T_C_CM_MGR A 
			 where A.C_IDEN = :id and C_DV_SEND_STATE in('PAUSE','SEND')
			</datasource>
		</file>
	</template>
	
</export>
