﻿<?xml version="1.0" encoding="utf-8"?>
<export>
	<info>
		<code>INFO_ER_ZL_JH</code>
		<name>建行划款指令</name>
		<type>TEMP_ZL_SZT</type>
		<desc>生成划款指令对账XML文档</desc>
		<version>v1.0.0</version>
	</info>
	<template persistence="false">
		<file name="1241CCB[id][yyyyMMdd].xml" type="XML" encoding="GBK">
			<!-- root 根节点 datasource 子节点的数据集 headName 节点显示的名称 sourceField 数据集所取字段 ref 模板文件-->
			<root code="INFO_ER_ZL_JH" name="建行划款指令" ref = "template.xml" datasource = "ds0" ></root>
			<condition code="id" lable="主键" type="id" />
			<catalog code="INFO_ER_ZL_JH" name="对账接口">
				<parent code="D_ER" name="对账类"/>
			</catalog>
			
			<datasource code="ds0" type="sql">
			 select 
			  '1241' AS C_FILE_TYPE,
			  C_PORT_CODE AS C_ASS_CODE,
			  '01' AS C_RPT_TYPE,
			  to_char(D_ORD,'yyyyMMdd') AS D_START_DATE,
			  to_char(D_ORD,'yyyyMMdd') AS D_END_DATE,
			  '0021' AS DEPT_CODE,
			  '' AS CERT_ID,
			  'DZ'||C_IDEN AS C_SN,
			  A.C_OPEN_ACC_NO_I,
			  A.C_OPEN_ACC_NAME_I,
			  A.C_OPEN_ADDR_I,
			  A.C_SYS_CODE,
			  A.C_OPEN_ACC_NAME,
			  A.C_OPEN_ADDR,
			  to_char(D_ORD,'yyyyMMdd') AS PY_DT,
			  A.C_USAGE,
			  A.C_DESC,
			  A.C_PAY_TYPE, 
			  'ZLS'||A.C_PORT_CODE||to_char(D_ORD,'yyyyMMdd')||A.N_ORD_NUM AS INSR_NO,
			  A.C_SYS_CODE,
			  '' AS RECACC_NO2,
			  '' AS DEALBILL_ID,
			  A.C_DC_CODE,
			  A.C_DC_CODE_I,
			  '' AS CUST_INSR_ID,
			  '' AS PYMTPRT_PY_STM_NO,
			  '' AS PAYACC_NO2,
			  '' AS PYMT_PARTY_DEPBNK_BIC_CODE,
			  '' AS RECV_PARTY_DEPBNK_BIC_CODE,
			  '' AS LIST_PLC_CODE,
			  '' AS TXN_DT,
			  '' AS DLV_DT,
			  '' AS DLV_TP_CODE,
			  '' AS GRP_TXN_ID,
			  '' AS FRGNEXG_TXN_DEPT_NM,
			  '' AS TRGT_CCYCD,
			  '' AS VAL_DT,
			  '' AS ZD_TA_PRVS_ACC_NO,
			  A.N_OUT_MONEY,
			  A.N_IN_MONEY,
			  A.C_RATE_EXPR,
			  A.C_SETT_TIME, 
			  '' AS FEE_PRD_BEG_DT,
			  '' AS FEE_PRD_END_DT,
			 	'' AS	TRADE_SEAT_CODE
			  from T_C_CM_MGR A where A.C_IDEN = :id
			</datasource>
		</file>
	</template>
	
</export>
