<?xml version="1.0" encoding="UTF-8"?>
<IN>
	<FILE_TYPE>C_FILE_TYPE</FILE_TYPE>
	<FUND_ID>C_ASS_CODE</FUND_ID>
	<REPORT_TYPE>C_RPT_TYPE</REPORT_TYPE>
	<BEGIN_DATE>D_START_DATE</BEGIN_DATE>
	<END_DATE>D_END_DATE</END_DATE>
	<DEPT_CODE>DEPT_CODE</DEPT_CODE>
	<CERT_ID>CERT_ID</CERT_ID>
	<SERIAL_NO>C_SN</SERIAL_NO>
<RECORD>
	<PYMT_PARTY_ACC_NO>C_OPEN_ACC_NO_I</PYMT_PARTY_ACC_NO>
	<PYMT_PARTY_ACCT_NM>C_OPEN_ACC_NAME_I</PYMT_PARTY_ACCT_NM>
	<PYMT_PARTY_DEPBNK_NM>C_OPEN_ADDR_I</PYMT_PARTY_DEPBNK_NM>
	<RCVPYMT_PARTY_ACC_NO>C_SYS_CODE</RCVPYMT_PARTY_ACC_NO>
	<RCVPRT_ACCT_NM>C_OPEN_ACC_NAME</RCVPRT_ACCT_NM>
	<RCVPRT_ACC_DEPBNK_NM>C_OPEN_ADDR</RCVPRT_ACC_DEPBNK_NM>
	<PY_DT>PY_DT</PY_DT>
	<PYMT_USE_DSC> C_USAGE</PYMT_USE_DSC>
	<RMRK_DSC> C_DESC</RMRK_DSC>
	<BSN_TP_CODE> C_PAY_TYPE</BSN_TP_CODE>
	<INSR_NO>INSR_NO</INSR_NO>
	<RCVPRT_PY_STM_NO>C_SYS_CODE</RCVPRT_PY_STM_NO>
	<RECACC_NO2></RECACC_NO2>
	<DEALBILL_ID></DEALBILL_ID>
	<PYMT_PARTY_CCY_CODE>C_DC_CODE</PYMT_PARTY_CCY_CODE>
	<RECV_PARTY_CCY_CODE>C_DC_CODE_I</RECV_PARTY_CCY_CODE>
	<CUST_INSR_ID>CUST_INSR_ID</CUST_INSR_ID>
	<PYMTPRT_PY_STM_NO>PYMTPRT_PY_STM_NO</PYMTPRT_PY_STM_NO>
	<PAYACC_NO2>PAYACC_NO2</PAYACC_NO2>
	<PYMT_PARTY_DEPBNK_BIC_CODE>PYMT_PARTY_DEPBNK_BIC_CODE</PYMT_PARTY_DEPBNK_BIC_CODE>
	<RECV_PARTY_DEPBNK_BIC_CODE>RECV_PARTY_DEPBNK_BIC_CODE</RECV_PARTY_DEPBNK_BIC_CODE>
	<LIST_PLC_CODE>LIST_PLC_CODE</LIST_PLC_CODE>
	<TXN_DT>TXN_DT</TXN_DT>
	<DLV_DT>DLV_DT</DLV_DT>
	<DLV_TP_CODE>DLV_TP_CODE</DLV_TP_CODE>
	<GRP_TXN_ID>GRP_TXN_ID</GRP_TXN_ID>
	<FRGNEXG_TXN_DEPT_NM>FRGNEXG_TXN_DEPT_NM</FRGNEXG_TXN_DEPT_NM>
	<TRGT_CCYCD>TRGT_CCYCD</TRGT_CCYCD>
	<VAL_DT>VAL_DT</VAL_DT>
	<ZD_TA_PRVS_ACC_NO>ZD_TA_PRVS_ACC_NO</ZD_TA_PRVS_ACC_NO>
	<PY_AMT>N_OUT_MONEY</PY_AMT>
	<RCV_AMT>N_IN_MONEY</RCV_AMT>
	<EXG_RATE>C_RATE_EXPR</EXG_RATE>
	<TOACCT_TM>C_SETT_TIME</TOACCT_TM>
	<FEE_PRD_BEG_DT>FEE_PRD_BEG_DT</FEE_PRD_BEG_DT>
	<FEE_PRD_END_DT>FEE_PRD_END_DT</FEE_PRD_END_DT>
	<TRADE_SEAT_CODE>TRADE_SEAT_CODE</TRADE_SEAT_CODE>
</RECORD>
</IN>