<?xml version="1.0" encoding="UTF-8"?>
<Readme>
  <Standard>
    <TempCode>HKZL_MS</TempCode>
    <TempName>银行资产管理业务划款指令</TempName>
    <TempVersion>V4.0.0.0.1</TempVersion>
    <TempType>TEMP_ZL</TempType>
    <TempSecurity></TempSecurity>
    <TempDesc>民生银行资产管理业务划款指令</TempDesc>
    <InsName>民生银行资产管理业务划款指令${ordNum}.xml</InsName>
  <InsSuff>doc</InsSuff>
  </Standard>
  <ServerMode mode="Sql">
  <SqlConfig>
  <SqlCode>SQL_ZL</SqlCode>
  <SqlName>指令信息抓取</SqlName>
  <Sql>
  SELECT 
  a.C_IDEN, 
  nvl(c.C_PORT_NAME_ST,' ') as FUNDNAME, 
  to_char(sysdate,'yyyy') as year,
  to_char(sysdate,'yyyyMMdd') as sendDate,
  a.C_IDEN as ordNum, 
  to_char(a.d_ord,'yyyyMMdd') as ordDate,
  to_char(a.d_pay,'yyyyMMdd') as payDate, 
  a.c_pay_time as payTime,  
  to_char(a.d_sett,'yyyy-MM-dd')  as settDate, 
  a.c_sett_time as settTime, 
  nvl(a.C_OPEN_ACC_NAME_I,' ') as openAccNameI, 
  nvl(a.C_OPEN_ADDR_I,' ') as openAddrI, 
  nvl(a.C_OPEN_ACC_NO_I,' ') as openAccI, 
  nvl(a.C_OPEN_ACC_NAME,' ') as openAccName, 
  nvl(a.C_OPEN_ADDR,' ') as openBank, 
  nvl(a.C_OPEN_ACC_NO,' ') as openAccNo,
  nvl(f.c_bank_code,' ') as bankCode, 
  nvl(i.c_bank_code,' ') as bankCodeI,  
  dealnum(a.N_ORD_MONEY) as ordMoney, 
  money2chinese(a.N_ORD_MONEY) as ordMoneyUpper, 
  nvl(a.C_USAGE,' ') as usage, 
  nvl(a.C_DV_INVEST_CLS,' ') as investCls, 
  nvl(a.C_DESC,' ') as ordDesc, 
  b.c_img_path as orgLogo,
  decode(a.C_DV_ORD_TYPE,'ZHZLLX_ZF',m.c_img_path,'') as cancelLogo,
  ' ' as createBy, 
  ' ' as updateBy, 
  ' ' as checkBy,
  x.c_img_path as createLogo, 
  y.c_img_path as reviewLogo, 
  z.c_img_path as checkLogo
  FROM T_C_CM_MGR a 
  left join (select * from t_c_cp_seal where  c_dv_seal = 'comSeal' and rownum = 1) b on 1 = 1
  left join (select C_PORT_CODE,C_PORT_NAME_ST from t_p_ab_port) c on c.C_PORT_CODE = a.C_PORT_CODE
  left join (select e.c_open_acc_no,e.C_OPEN_ACC_NAME,d.c_pay_code,d.c_bank_code from T_P_BI_ORG d left join T_C_CP_FUND_ACC  e on d.c_org_code=e.c_org_code ) f on f.c_open_acc_no=a.c_open_acc_no
  left join (select h.c_open_acc_no,h.C_OPEN_ACC_NAME,g.c_pay_code,g.c_bank_code from T_P_BI_ORG g left join T_C_CP_FUND_ACC  h on h.c_org_code=g.c_org_code ) i on i.c_open_acc_no=a.c_open_acc_no_i
 	left join (select * from t_c_cp_seal where  c_dv_seal = 'cancelSeal' and rownum = 1) m on m.c_dv_seal = 'cancelSeal'
  left join (select distinct c_seal_man,min(c_img_path) as c_img_path from t_c_cp_seal where c_dv_seal = 'peosignature' group by c_seal_man) x on x.c_seal_man = A.C_CREATE_BY
  left join (select distinct c_seal_man,min(c_img_path) as c_img_path from t_c_cp_seal where c_dv_seal = 'peosignature' group by c_seal_man) y on y.c_seal_man = A.C_REVIEW_BY 
  left join (select distinct c_seal_man,min(c_img_path) as c_img_path from t_c_cp_seal where c_dv_seal = 'peosignature' group by c_seal_man) z on z.c_seal_man = A.C_CHECK_BY
  WHERE a.C_IDEN in(select * from table(?))
  </Sql>
  </SqlConfig>
  </ServerMode>
  <ElemConfig>
  <Element ElemCode="FUNDNAME" ElemName="基金名称" ElemType="ELEM_SERVER"/>
  <Element ElemCode="year" ElemName="年份" ElemType="ELEM_SERVER"/>
  <Element ElemCode="sendDate" ElemName="指令发送时间" ElemType="ELEM_SERVER"/>
  <Element ElemCode="ordNum" ElemName="编号" ElemType="ELEM_SERVER"/>
  <Element ElemCode="bankCode" ElemName="收款人支付行号" ElemType="ELEM_SERVER"/>
  <Element ElemCode="bankCodeI" ElemName="付款人支付行号" ElemType="ELEM_SERVER"/>
  <Element ElemCode="ordDate" ElemName="日期" ElemType="ELEM_SERVER"/>
  <Element ElemCode="payDate" ElemName="划款日期" ElemType="ELEM_SERVER"/>
  <Element ElemCode="payTime" ElemName="划款时间" ElemType="ELEM_SERVER"/>
  <Element ElemCode="settDate" ElemName="到帐日期" ElemType="ELEM_SERVER"/>
  <Element ElemCode="settTime" ElemName="到帐时间" ElemType="ELEM_SERVER"/>
  <Element ElemCode="openAccNameI" ElemName="付款人名称" ElemType="ELEM_SERVER"/>
  <Element ElemCode="openAddrI" ElemName="付款银行" ElemType="ELEM_SERVER"/>
  <Element ElemCode="openAccI" ElemName="付款银行帐号" ElemType="ELEM_SERVER"/>
  <Element ElemCode="openAccName" ElemName="收款人名称" ElemType="ELEM_SERVER"/>
  <Element ElemCode="openBank" ElemName="开户行" ElemType="ELEM_SERVER"/>
  <Element ElemCode="openAccNo" ElemName="收款方帐号" ElemType="ELEM_SERVER"/>
  <Element ElemCode="ordMoney" ElemName="划款金额(小写)" ElemType="ELEM_SERVER"/>
  <Element ElemCode="ordMoneyUpper" ElemName="划款金额(大写)" ElemType="ELEM_SERVER"/>
  <Element ElemCode="usage" ElemName="划款用途" ElemType="ELEM_SERVER"/>
  <Element ElemCode="ordDesc" ElemName="备注" ElemType="ELEM_SERVER"/>
  <Element ElemCode="orgLogo" ElemName="管理人签章" ElemType="ELEM_SERVER"/>
  <Element ElemCode="cancelLogo" ElemName="撤销章" ElemType="ELEM_SERVER"/>
  <Element ElemCode="checkBy" ElemName="审批人" ElemType="ELEM_SERVER"/>
  <Element ElemCode="updateBy" ElemName="复核人" ElemType="ELEM_SERVER"/>
  <Element ElemCode="createBy" ElemName="经办人" ElemType="ELEM_SERVER"/>
  <Element ElemCode="checkLogo" ElemName="审批人" ElemType="ELEM_SERVER"/>
  <Element ElemCode="reviewLogo" ElemName="复核人" ElemType="ELEM_SERVER"/>
  <Element ElemCode="createLogo" ElemName="经办人" ElemType="ELEM_SERVER"/>
  </ElemConfig>
</Readme>