<?xml version="1.0" encoding="UTF-8" standalone="yes"?>
<?mso-application progid="Word.Document"?>
<w:wordDocument xmlns:aml="http://schemas.microsoft.com/aml/2001/core" xmlns:dt="uuid:C2F41010-65B3-11d1-A29F-00AA00C14882" xmlns:ve="http://schemas.openxmlformats.org/markup-compatibility/2006" xmlns:o="urn:schemas-microsoft-com:office:office" xmlns:v="urn:schemas-microsoft-com:vml" xmlns:w10="urn:schemas-microsoft-com:office:word" xmlns:w="http://schemas.microsoft.com/office/word/2003/wordml" xmlns:wx="http://schemas.microsoft.com/office/word/2003/auxHint" xmlns:wsp="http://schemas.microsoft.com/office/word/2003/wordml/sp2" xmlns:sl="http://schemas.microsoft.com/schemaLibrary/2003/core" w:macrosPresent="no" w:embeddedObjPresent="no" w:ocxPresent="no" xml:space="preserve"><w:ignoreSubtree w:val="http://schemas.microsoft.com/office/word/2003/wordml/sp2"/><o:DocumentProperties><o:Title>新华资产-银行资产管理业务划款指令</o:Title><o:Author>limh</o:Author><o:LastAuthor>yu</o:LastAuthor><o:Revision>2</o:Revision><o:TotalTime>0</o:TotalTime><o:Created>2015-01-06T07:43:00Z</o:Created><o:LastSaved>2015-01-06T07:43:00Z</o:LastSaved><o:Pages>1</o:Pages><o:Words>81</o:Words><o:Characters>464</o:Characters><o:Company>Lenovo</o:Company><o:Lines>3</o:Lines><o:Paragraphs>1</o:Paragraphs><o:CharactersWithSpaces>544</o:CharactersWithSpaces><o:Version>12</o:Version></o:DocumentProperties><o:CustomDocumentProperties><o:KSOProductBuildVer dt:dt="string">2052-9.1.0.4867</o:KSOProductBuildVer></o:CustomDocumentProperties><w:fonts><w:defaultFonts w:ascii="Calibri" w:fareast="宋体" w:h-ansi="Calibri" w:cs="Times New Roman"/><w:font w:name="Times New Roman"><w:panose-1 w:val="02020603050405020304"/><w:charset w:val="00"/><w:family w:val="Roman"/><w:pitch w:val="variable"/><w:sig w:usb-0="E0002AFF" w:usb-1="C0007841" w:usb-2="00000009" w:usb-3="00000000" w:csb-0="000001FF" w:csb-1="00000000"/></w:font><w:font w:name="宋体"><w:altName w:val="SimSun"/><w:panose-1 w:val="02010600030101010101"/><w:charset w:val="86"/><w:family w:val="auto"/><w:pitch w:val="variable"/><w:sig w:usb-0="00000003" w:usb-1="288F0000" w:usb-2="00000016" w:usb-3="00000000" w:csb-0="00040001" w:csb-1="00000000"/></w:font><w:font w:name="Cambria Math"><w:panose-1 w:val="02040503050406030204"/><w:charset w:val="01"/><w:family w:val="Roman"/><w:notTrueType/><w:pitch w:val="variable"/><w:sig w:usb-0="00000000" w:usb-1="00000000" w:usb-2="00000000" w:usb-3="00000000" w:csb-0="00000000" w:csb-1="00000000"/></w:font><w:font w:name="Calibri"><w:panose-1 w:val="020F0502020204030204"/><w:charset w:val="00"/><w:family w:val="Swiss"/><w:pitch w:val="variable"/><w:sig w:usb-0="E00002FF" w:usb-1="4000ACFF" w:usb-2="00000001" w:usb-3="00000000" w:csb-0="0000019F" w:csb-1="00000000"/></w:font><w:font w:name="@宋体"><w:panose-1 w:val="02010600030101010101"/><w:charset w:val="86"/><w:family w:val="auto"/><w:pitch w:val="variable"/><w:sig w:usb-0="00000003" w:usb-1="288F0000" w:usb-2="00000016" w:usb-3="00000000" w:csb-0="00040001" w:csb-1="00000000"/></w:font></w:fonts><w:styles><w:versionOfBuiltInStylenames w:val="7"/><w:latentStyles w:defLockedState="off" w:latentStyleCount="267"><w:lsdException w:name="Normal"/><w:lsdException w:name="heading 1"/><w:lsdException w:name="heading 2"/><w:lsdException w:name="heading 3"/><w:lsdException w:name="heading 4"/><w:lsdException w:name="heading 5"/><w:lsdException w:name="heading 6"/><w:lsdException w:name="heading 7"/><w:lsdException w:name="heading 8"/><w:lsdException w:name="heading 9"/><w:lsdException w:name="caption"/><w:lsdException w:name="Title"/><w:lsdException w:name="Default Paragraph Font"/><w:lsdException w:name="Subtitle"/><w:lsdException w:name="Strong"/><w:lsdException w:name="Emphasis"/><w:lsdException w:name="HTML Top of Form"/><w:lsdException w:name="HTML Bottom of Form"/><w:lsdException w:name="Normal Table"/><w:lsdException w:name="No List"/><w:lsdException w:name="Outline List 1"/><w:lsdException w:name="Outline List 2"/><w:lsdException w:name="Outline List 3"/><w:lsdException w:name="Placeholder Text"/><w:lsdException w:name="No Spacing"/><w:lsdException w:name="Revision"/><w:lsdException w:name="List Paragraph"/><w:lsdException w:name="Quote"/><w:lsdException w:name="Intense Quote"/><w:lsdException w:name="Subtle Emphasis"/><w:lsdException w:name="Intense Emphasis"/><w:lsdException w:name="Subtle Reference"/><w:lsdException w:name="Intense Reference"/><w:lsdException w:name="Book Title"/><w:lsdException w:name="Bibliography"/><w:lsdException w:name="TOC Heading"/></w:latentStyles><w:style w:type="paragraph" w:default="on" w:styleId="a"><w:name w:val="Normal"/><wx:uiName wx:val="正文"/><w:pPr><w:widowControl w:val="off"/><w:jc w:val="both"/></w:pPr><w:rPr><wx:font wx:val="Calibri"/><w:kern w:val="2"/><w:sz w:val="21"/><w:sz-cs w:val="22"/><w:lang w:val="EN-US" w:fareast="ZH-CN" w:bidi="AR-SA"/></w:rPr></w:style><w:style w:type="character" w:default="on" w:styleId="a0"><w:name w:val="Default Paragraph Font"/><wx:uiName wx:val="默认段落字体"/></w:style><w:style w:type="table" w:default="on" w:styleId="a1"><w:name w:val="Normal Table"/><wx:uiName wx:val="普通表格"/><w:rPr><wx:font wx:val="Calibri"/><w:lang w:val="EN-US" w:fareast="ZH-CN" w:bidi="AR-SA"/></w:rPr><w:tblPr><w:tblCellMar><w:top w:w="0" w:type="dxa"/><w:left w:w="108" w:type="dxa"/><w:bottom w:w="0" w:type="dxa"/><w:right w:w="108" w:type="dxa"/></w:tblCellMar></w:tblPr></w:style><w:style w:type="list" w:default="on" w:styleId="a2"><w:name w:val="No List"/><wx:uiName wx:val="无列表"/></w:style><w:style w:type="character" w:styleId="Char"><w:name w:val="页脚 Char"/><w:link w:val="a3"/><w:rPr><w:kern w:val="2"/><w:sz w:val="18"/><w:sz-cs w:val="18"/></w:rPr></w:style><w:style w:type="character" w:styleId="Char0"><w:name w:val="页眉 Char"/><w:link w:val="a4"/><w:rPr><w:kern w:val="2"/><w:sz w:val="18"/><w:sz-cs w:val="18"/></w:rPr></w:style><w:style w:type="character" w:styleId="Char1"><w:name w:val="批注框文本 Char"/><w:link w:val="a5"/><w:rPr><w:sz w:val="18"/><w:sz-cs w:val="18"/></w:rPr></w:style><w:style w:type="paragraph" w:styleId="a4"><w:name w:val="header"/><wx:uiName wx:val="页眉"/><w:basedOn w:val="a"/><w:link w:val="Char0"/><w:pPr><w:pBdr><w:bottom w:val="single" w:sz="6" wx:bdrwidth="15" w:space="1" w:color="auto"/></w:pBdr><w:tabs><w:tab w:val="center" w:pos="4153"/><w:tab w:val="right" w:pos="8306"/></w:tabs><w:snapToGrid w:val="off"/><w:jc w:val="center"/></w:pPr><w:rPr><wx:font wx:val="Calibri"/><w:sz w:val="18"/><w:sz-cs w:val="18"/><w:lang/></w:rPr></w:style><w:style w:type="paragraph" w:styleId="a3"><w:name w:val="footer"/><wx:uiName wx:val="页脚"/><w:basedOn w:val="a"/><w:link w:val="Char"/><w:pPr><w:tabs><w:tab w:val="center" w:pos="4153"/><w:tab w:val="right" w:pos="8306"/></w:tabs><w:snapToGrid w:val="off"/><w:jc w:val="left"/></w:pPr><w:rPr><wx:font wx:val="Calibri"/><w:sz w:val="18"/><w:sz-cs w:val="18"/><w:lang/></w:rPr></w:style><w:style w:type="paragraph" w:styleId="a5"><w:name w:val="Balloon Text"/><wx:uiName wx:val="批注框文本"/><w:basedOn w:val="a"/><w:link w:val="Char1"/><w:rPr><wx:font wx:val="Calibri"/><w:kern w:val="0"/><w:sz w:val="18"/><w:sz-cs w:val="18"/><w:lang/></w:rPr></w:style></w:styles><w:shapeDefaults><o:shapedefaults v:ext="edit" spidmax="3074"/><o:shapelayout v:ext="edit"><o:idmap v:ext="edit" data="1"/></o:shapelayout></w:shapeDefaults><w:docPr><w:view w:val="print"/><w:zoom w:percent="100"/><w:doNotEmbedSystemFonts/><w:bordersDontSurroundHeader/><w:bordersDontSurroundFooter/><w:proofState w:spelling="clean"/><w:stylePaneFormatFilter w:val="3F01"/><w:defaultTabStop w:val="420"/><w:drawingGridVerticalSpacing w:val="156"/><w:displayHorizontalDrawingGridEvery w:val="0"/><w:displayVerticalDrawingGridEvery w:val="2"/><w:punctuationKerning/><w:characterSpacingControl w:val="CompressPunctuation"/><w:webPageEncoding w:val="x-cp20936"/><w:optimizeForBrowser/><w:validateAgainstSchema w:val="off"/><w:saveInvalidXML w:val="off"/><w:ignoreMixedContent w:val="off"/><w:alwaysShowPlaceholderText w:val="off"/><w:doNotUnderlineInvalidXML/><w:hdrShapeDefaults><o:shapedefaults v:ext="edit" spidmax="3074"/></w:hdrShapeDefaults><w:footnotePr><w:footnote w:type="separator"><w:p wsp:rsidR="0019117C" wsp:rsidRDefault="0019117C" wsp:rsidP="006A7F4B"><w:r><w:separator/></w:r></w:p></w:footnote><w:footnote w:type="continuation-separator"><w:p wsp:rsidR="0019117C" wsp:rsidRDefault="0019117C" wsp:rsidP="006A7F4B"><w:r><w:continuationSeparator/></w:r></w:p></w:footnote></w:footnotePr><w:endnotePr><w:endnote w:type="separator"><w:p wsp:rsidR="0019117C" wsp:rsidRDefault="0019117C" wsp:rsidP="006A7F4B"><w:r><w:separator/></w:r></w:p></w:endnote><w:endnote w:type="continuation-separator"><w:p wsp:rsidR="0019117C" wsp:rsidRDefault="0019117C" wsp:rsidP="006A7F4B"><w:r><w:continuationSeparator/></w:r></w:p></w:endnote></w:endnotePr><w:compat><w:spaceForUL/><w:balanceSingleByteDoubleByteWidth/><w:doNotLeaveBackslashAlone/><w:ulTrailSpace/><w:doNotExpandShiftReturn/><w:adjustLineHeightInTable/><w:breakWrappedTables/><w:snapToGridInCell/><w:wrapTextWithPunct/><w:useAsianBreakRules/><w:dontGrowAutofit/><w:useFELayout/></w:compat><wsp:rsids><wsp:rsidRoot wsp:val="00D85AC8"/><wsp:rsid wsp:val="000045A9"/><wsp:rsid wsp:val="00061B86"/><wsp:rsid wsp:val="00072E61"/><wsp:rsid wsp:val="001438C6"/><wsp:rsid wsp:val="00185BD5"/><wsp:rsid wsp:val="0019117C"/><wsp:rsid wsp:val="002449E9"/><wsp:rsid wsp:val="003238C3"/><wsp:rsid wsp:val="003828B8"/><wsp:rsid wsp:val="003B773F"/><wsp:rsid wsp:val="003E6CB1"/><wsp:rsid wsp:val="004050DA"/><wsp:rsid wsp:val="00435A93"/><wsp:rsid wsp:val="00480FD6"/><wsp:rsid wsp:val="00481197"/><wsp:rsid wsp:val="004E2F22"/><wsp:rsid wsp:val="005E4541"/><wsp:rsid wsp:val="00671091"/><wsp:rsid wsp:val="00691B62"/><wsp:rsid wsp:val="006A7F4B"/><wsp:rsid wsp:val="006C21F9"/><wsp:rsid wsp:val="006D333B"/><wsp:rsid wsp:val="007B0D8D"/><wsp:rsid wsp:val="007F1CAF"/><wsp:rsid wsp:val="00914266"/><wsp:rsid wsp:val="00935BF7"/><wsp:rsid wsp:val="00AB062F"/><wsp:rsid wsp:val="00B22C73"/><wsp:rsid wsp:val="00B56822"/><wsp:rsid wsp:val="00B85016"/><wsp:rsid wsp:val="00B9535A"/><wsp:rsid wsp:val="00BE55AF"/><wsp:rsid wsp:val="00C333ED"/><wsp:rsid wsp:val="00C469E4"/><wsp:rsid wsp:val="00C53A20"/><wsp:rsid wsp:val="00C9227A"/><wsp:rsid wsp:val="00CE6BF3"/><wsp:rsid wsp:val="00CE7A4F"/><wsp:rsid wsp:val="00D85AC8"/><wsp:rsid wsp:val="00D87F12"/><wsp:rsid wsp:val="00E439C8"/><wsp:rsid wsp:val="00EA01A2"/><wsp:rsid wsp:val="1F272903"/><wsp:rsid wsp:val="3A82130D"/><wsp:rsid wsp:val="3DC448E2"/><wsp:rsid wsp:val="501B3C78"/><wsp:rsid wsp:val="69DF44BF"/><wsp:rsid wsp:val="78EE0575"/></wsp:rsids></w:docPr><w:body><w:tbl><w:tblPr><w:tblW w:w="0" w:type="auto"/><w:jc w:val="center"/><w:tblInd w:w="0" w:type="dxa"/><w:tblLayout w:type="Fixed"/></w:tblPr><w:tblGrid><w:gridCol w:w="2320"/><w:gridCol w:w="2860"/><w:gridCol w:w="2380"/><w:gridCol w:w="2820"/></w:tblGrid><w:tr wsp:rsidR="00000000"><w:trPr><w:trHeight w:val="390"/><w:jc w:val="center"/></w:trPr><w:tc><w:tcPr><w:tcW w:w="10380" w:type="dxa"/><w:gridSpan w:val="4"/><w:tcBorders><w:top w:val="nil"/><w:left w:val="nil"/><w:bottom w:val="single" w:sz="8" wx:bdrwidth="20" w:space="0" w:color="auto"/><w:right w:val="nil"/></w:tcBorders><w:vAlign w:val="center"/></w:tcPr><w:p wsp:rsidR="00000000" wsp:rsidRDefault="0019117C"><w:pPr><w:widowControl/><w:jc w:val="center"/><w:rPr><w:rFonts w:ascii="宋体" w:h-ansi="宋体" w:cs="宋体"/><wx:font wx:val="宋体"/><w:b/><w:b-cs/><w:color w:val="000000"/><w:kern w:val="0"/><w:sz w:val="24"/><w:sz-cs w:val="24"/></w:rPr></w:pPr><aml:annotation aml:id="0" w:type="Word.Bookmark.Start" w:name="RANGE!A1"/><w:r><w:rPr><w:rFonts w:ascii="宋体" w:h-ansi="宋体" w:cs="宋体"/><wx:font wx:val="宋体"/><w:b/><w:b-cs/><w:color w:val="000000"/><w:kern w:val="0"/><w:sz w:val="24"/><w:sz-cs w:val="24"/></w:rPr><w:pict><v:shapetype id="_x0000_t75" coordsize="21600,21600" o:spt="75" o:preferrelative="t" path="m@4@5l@4@11@9@11@9@5xe" filled="f" stroked="f"><v:stroke joinstyle="miter"/><v:formulas><v:f eqn="if lineDrawn pixelLineWidth 0"/><v:f eqn="sum @0 1 0"/><v:f eqn="sum 0 0 @1"/><v:f eqn="prod @2 1 2"/><v:f eqn="prod @3 21600 pixelWidth"/><v:f eqn="prod @3 21600 pixelHeight"/><v:f eqn="sum @0 0 1"/><v:f eqn="prod @6 1 2"/><v:f eqn="prod @7 21600 pixelWidth"/><v:f eqn="sum @8 21600 0"/><v:f eqn="prod @7 21600 pixelHeight"/><v:f eqn="sum @10 21600 0"/></v:formulas><v:path o:extrusionok="f" gradientshapeok="t" o:connecttype="rect"/><o:lock v:ext="edit" aspectratio="t"/></v:shapetype><w:binData w:name="wordml://01000001.gif" xml:space="preserve">${cancelLogo}
</w:binData><v:shape id="图片 2" o:spid="_x0000_s1026" type="#_x0000_t75" style="position:absolute;left:0;text-align:left;margin-left:371.55pt;margin-top:-17.2pt;width:145.5pt;height:85.5pt;z-index:1"><v:imagedata src="wordml://01000001.gif" o:title="ysszhang"/></v:shape></w:pict></w:r><w:r><w:rPr><w:rFonts w:ascii="宋体" w:h-ansi="宋体" w:cs="宋体" w:hint="fareast"/><wx:font wx:val="宋体"/><w:b/><w:b-cs/><w:color w:val="000000"/><w:kern w:val="0"/><w:sz w:val="24"/><w:sz-cs w:val="24"/></w:rPr><w:t>新华资产</w:t></w:r><w:r><w:rPr><w:rFonts w:ascii="Times New Roman" w:h-ansi="Times New Roman"/><wx:font wx:val="Times New Roman"/><w:b/><w:b-cs/><w:color w:val="000000"/><w:kern w:val="0"/><w:sz w:val="24"/><w:sz-cs w:val="24"/></w:rPr><w:t>-</w:t></w:r><w:r><w:rPr><w:rFonts w:ascii="宋体" w:h-ansi="宋体" w:cs="宋体" w:hint="fareast"/><wx:font wx:val="宋体"/><w:b/><w:b-cs/><w:color w:val="000000"/><w:kern w:val="0"/><w:sz w:val="24"/><w:sz-cs w:val="24"/></w:rPr><w:t>银行资产管理业务划款指令</w:t></w:r><aml:annotation aml:id="0" w:type="Word.Bookmark.End"/></w:p></w:tc></w:tr><w:tr wsp:rsidR="00000000"><w:trPr><w:trHeight w:val="390"/><w:jc w:val="center"/></w:trPr><w:tc><w:tcPr><w:tcW w:w="10380" w:type="dxa"/><w:gridSpan w:val="4"/><w:tcBorders><w:top w:val="single" w:sz="8" wx:bdrwidth="20" w:space="0" w:color="auto"/><w:left w:val="single" w:sz="8" wx:bdrwidth="20" w:space="0" w:color="auto"/><w:bottom w:val="single" w:sz="8" wx:bdrwidth="20" w:space="0" w:color="auto"/><w:right w:val="single" w:sz="8" wx:bdrwidth="20" w:space="0" w:color="auto"/></w:tcBorders><w:vAlign w:val="center"/></w:tcPr><w:p wsp:rsidR="00000000" wsp:rsidRDefault="0019117C"><w:pPr><w:widowControl/><w:jc w:val="center"/><w:rPr><w:rFonts w:ascii="宋体" w:h-ansi="宋体" w:cs="宋体"/><wx:font wx:val="宋体"/><w:color w:val="000000"/><w:kern w:val="0"/><w:sz w:val="24"/><w:sz-cs w:val="24"/></w:rPr></w:pPr><w:r><w:rPr><w:rFonts w:ascii="宋体" w:h-ansi="宋体" w:cs="宋体" w:hint="fareast"/><wx:font wx:val="宋体"/><w:color w:val="000000"/><w:kern w:val="0"/><w:sz w:val="24"/><w:sz-cs w:val="24"/></w:rPr><w:t>编号：</w:t></w:r><w:r><w:rPr><w:rFonts w:ascii="宋体" w:h-ansi="宋体" w:hint="fareast"/><wx:font wx:val="宋体"/><w:color w:val="000000"/><w:kern w:val="0"/><w:sz w:val="24"/><w:sz-cs w:val="24"/></w:rPr><w:t>${year}</w:t></w:r><w:r><w:rPr><w:rFonts w:ascii="宋体" w:h-ansi="宋体" w:cs="宋体" w:hint="fareast"/><wx:font wx:val="宋体"/><w:color w:val="000000"/><w:kern w:val="0"/><w:sz w:val="24"/><w:sz-cs w:val="24"/></w:rPr><w:t>年第</w:t></w:r><w:r><w:rPr><w:rFonts w:ascii="宋体" w:h-ansi="宋体" w:cs="宋体" w:hint="fareast"/><wx:font wx:val="宋体"/><w:color w:val="000000"/><w:kern w:val="0"/><w:sz w:val="24"/><w:sz-cs w:val="24"/></w:rPr><w:t>${ordNum}</w:t></w:r><w:r><w:rPr><w:rFonts w:ascii="宋体" w:h-ansi="宋体" w:cs="宋体" w:hint="fareast"/><wx:font wx:val="宋体"/><w:color w:val="000000"/><w:kern w:val="0"/><w:sz w:val="24"/><w:sz-cs w:val="24"/></w:rPr><w:t>号</w:t></w:r></w:p></w:tc></w:tr><w:tr wsp:rsidR="00000000"><w:trPr><w:trHeight w:val="390"/><w:jc w:val="center"/></w:trPr><w:tc><w:tcPr><w:tcW w:w="10380" w:type="dxa"/><w:gridSpan w:val="4"/><w:tcBorders><w:top w:val="single" w:sz="8" wx:bdrwidth="20" w:space="0" w:color="auto"/><w:left w:val="single" w:sz="8" wx:bdrwidth="20" w:space="0" w:color="auto"/><w:bottom w:val="single" w:sz="8" wx:bdrwidth="20" w:space="0" w:color="auto"/><w:right w:val="single" w:sz="8" wx:bdrwidth="20" w:space="0" w:color="auto"/></w:tcBorders><w:vAlign w:val="center"/></w:tcPr><w:p wsp:rsidR="00000000" wsp:rsidRDefault="0019117C"><w:pPr><w:widowControl/><w:rPr><w:rFonts w:ascii="宋体" w:h-ansi="宋体" w:cs="宋体"/><wx:font wx:val="宋体"/><w:color w:val="000000"/><w:kern w:val="0"/><w:sz w:val="24"/><w:sz-cs w:val="24"/></w:rPr></w:pPr><w:r><w:rPr><w:rFonts w:ascii="宋体" w:h-ansi="宋体" w:cs="宋体" w:hint="fareast"/><wx:font wx:val="宋体"/><w:color w:val="000000"/><w:kern w:val="0"/><w:sz w:val="24"/><w:sz-cs w:val="24"/></w:rPr><w:t>指令日期：</w:t></w:r><w:r><w:rPr><w:rFonts w:ascii="宋体" w:h-ansi="宋体" w:cs="宋体" w:hint="fareast"/><wx:font wx:val="宋体"/><w:color w:val="000000"/><w:kern w:val="0"/><w:sz w:val="24"/><w:sz-cs w:val="24"/></w:rPr><w:t>${ordDate}</w:t></w:r></w:p></w:tc></w:tr><w:tr wsp:rsidR="00000000"><w:trPr><w:trHeight w:val="390"/><w:jc w:val="center"/></w:trPr><w:tc><w:tcPr><w:tcW w:w="10380" w:type="dxa"/><w:gridSpan w:val="4"/><w:tcBorders><w:top w:val="single" w:sz="8" wx:bdrwidth="20" w:space="0" w:color="auto"/><w:left w:val="single" w:sz="8" wx:bdrwidth="20" w:space="0" w:color="auto"/><w:bottom w:val="single" w:sz="8" wx:bdrwidth="20" w:space="0" w:color="auto"/><w:right w:val="single" w:sz="8" wx:bdrwidth="20" w:space="0" w:color="auto"/></w:tcBorders><w:vAlign w:val="center"/></w:tcPr><w:p wsp:rsidR="00000000" wsp:rsidRDefault="0019117C"><w:pPr><w:widowControl/><w:rPr><w:rFonts w:ascii="Times New Roman" w:h-ansi="Times New Roman"/><wx:font wx:val="Times New Roman"/><w:color w:val="000000"/><w:kern w:val="0"/><w:sz w:val="24"/><w:sz-cs w:val="24"/></w:rPr></w:pPr><w:r><w:rPr><w:rFonts w:ascii="宋体" w:h-ansi="宋体" w:hint="fareast"/><wx:font wx:val="宋体"/><w:color w:val="000000"/><w:kern w:val="0"/><w:sz w:val="24"/><w:sz-cs w:val="24"/></w:rPr><w:t>民生银行：</w:t></w:r><w:r><w:rPr><w:rFonts w:ascii="Times New Roman" w:h-ansi="Times New Roman"/><wx:font wx:val="Times New Roman"/><w:color w:val="000000"/><w:kern w:val="0"/><w:sz w:val="24"/><w:sz-cs w:val="24"/></w:rPr><w:t>                                        </w:t></w:r></w:p></w:tc></w:tr><w:tr wsp:rsidR="00000000"><w:trPr><w:trHeight w:val="915"/><w:jc w:val="center"/></w:trPr><w:tc><w:tcPr><w:tcW w:w="10380" w:type="dxa"/><w:gridSpan w:val="4"/><w:tcBorders><w:top w:val="single" w:sz="8" wx:bdrwidth="20" w:space="0" w:color="auto"/><w:left w:val="single" w:sz="8" wx:bdrwidth="20" w:space="0" w:color="auto"/><w:bottom w:val="single" w:sz="8" wx:bdrwidth="20" w:space="0" w:color="auto"/><w:right w:val="single" w:sz="8" wx:bdrwidth="20" w:space="0" w:color="auto"/></w:tcBorders><w:vAlign w:val="center"/></w:tcPr><w:p wsp:rsidR="00000000" wsp:rsidRDefault="0019117C"><w:pPr><w:widowControl/><w:rPr><w:rFonts w:ascii="宋体" w:h-ansi="宋体" w:cs="宋体"/><wx:font wx:val="宋体"/><w:color w:val="000000"/><w:kern w:val="0"/><w:sz w:val="24"/><w:sz-cs w:val="24"/></w:rPr></w:pPr><w:r><w:rPr><w:rFonts w:ascii="宋体" w:h-ansi="宋体" w:cs="宋体" w:hint="fareast"/><wx:font wx:val="宋体"/><w:color w:val="000000"/><w:kern w:val="0"/><w:sz w:val="24"/><w:sz-cs w:val="24"/></w:rPr><w:t>敬请贵部根据以下提供的收款人名称、开户行、账号、到帐日期和划款金额划款。</w:t></w:r></w:p></w:tc></w:tr><w:tr wsp:rsidR="00000000"><w:trPr><w:trHeight w:val="390"/><w:jc w:val="center"/></w:trPr><w:tc><w:tcPr><w:tcW w:w="2320" w:type="dxa"/><w:tcBorders><w:top w:val="nil"/><w:left w:val="single" w:sz="8" wx:bdrwidth="20" w:space="0" w:color="auto"/><w:bottom w:val="single" w:sz="8" wx:bdrwidth="20" w:space="0" w:color="auto"/><w:right w:val="single" w:sz="8" wx:bdrwidth="20" w:space="0" w:color="auto"/></w:tcBorders><w:vAlign w:val="center"/></w:tcPr><w:p wsp:rsidR="00000000" wsp:rsidRDefault="0019117C"><w:pPr><w:widowControl/><w:rPr><w:rFonts w:ascii="宋体" w:h-ansi="宋体" w:cs="宋体"/><wx:font wx:val="宋体"/><w:color w:val="000000"/><w:kern w:val="0"/><w:sz w:val="24"/><w:sz-cs w:val="24"/></w:rPr></w:pPr><w:r><w:rPr><w:rFonts w:ascii="宋体" w:h-ansi="宋体" w:cs="宋体" w:hint="fareast"/><wx:font wx:val="宋体"/><w:color w:val="000000"/><w:kern w:val="0"/><w:sz w:val="24"/><w:sz-cs w:val="24"/></w:rPr><w:t>划款日期：</w:t></w:r></w:p></w:tc><w:tc><w:tcPr><w:tcW w:w="2860" w:type="dxa"/><w:tcBorders><w:top w:val="nil"/><w:left w:val="nil"/><w:bottom w:val="single" w:sz="8" wx:bdrwidth="20" w:space="0" w:color="auto"/><w:right w:val="single" w:sz="8" wx:bdrwidth="20" w:space="0" w:color="auto"/></w:tcBorders><w:vAlign w:val="center"/></w:tcPr><w:p wsp:rsidR="00000000" wsp:rsidRDefault="0019117C"><w:pPr><w:widowControl/><w:rPr><w:rFonts w:ascii="宋体" w:h-ansi="宋体" w:cs="宋体"/><wx:font wx:val="宋体"/><w:color w:val="000000"/><w:kern w:val="0"/><w:sz w:val="24"/><w:sz-cs w:val="24"/></w:rPr></w:pPr><w:r><w:rPr><w:rFonts w:ascii="宋体" w:h-ansi="宋体" w:cs="宋体" w:hint="fareast"/><wx:font wx:val="宋体"/><w:color w:val="000000"/><w:kern w:val="0"/><w:sz w:val="24"/><w:sz-cs w:val="24"/></w:rPr><w:t>${payDate}</w:t></w:r></w:p></w:tc><w:tc><w:tcPr><w:tcW w:w="2380" w:type="dxa"/><w:tcBorders><w:top w:val="single" w:sz="8" wx:bdrwidth="20" w:space="0" w:color="auto"/><w:left w:val="nil"/><w:bottom w:val="single" w:sz="8" wx:bdrwidth="20" w:space="0" w:color="auto"/><w:right w:val="single" w:sz="8" wx:bdrwidth="20" w:space="0" w:color="auto"/></w:tcBorders><w:vAlign w:val="center"/></w:tcPr><w:p wsp:rsidR="00000000" wsp:rsidRDefault="0019117C"><w:pPr><w:widowControl/><w:rPr><w:rFonts w:ascii="宋体" w:h-ansi="宋体" w:cs="宋体"/><wx:font wx:val="宋体"/><w:color w:val="000000"/><w:kern w:val="0"/><w:sz w:val="24"/><w:sz-cs w:val="24"/></w:rPr></w:pPr><w:r><w:rPr><w:rFonts w:ascii="宋体" w:h-ansi="宋体" w:cs="宋体" w:hint="fareast"/><wx:font wx:val="宋体"/><w:color w:val="000000"/><w:kern w:val="0"/><w:sz w:val="24"/><w:sz-cs w:val="24"/></w:rPr><w:t>指令发送时间：</w:t></w:r></w:p></w:tc><w:tc><w:tcPr><w:tcW w:w="2820" w:type="dxa"/><w:tcBorders><w:top w:val="single" w:sz="8" wx:bdrwidth="20" w:space="0" w:color="auto"/><w:left w:val="nil"/><w:bottom w:val="single" w:sz="8" wx:bdrwidth="20" w:space="0" w:color="auto"/><w:right w:val="single" w:sz="8" wx:bdrwidth="20" w:space="0" w:color="auto"/></w:tcBorders><w:vAlign w:val="center"/></w:tcPr><w:p wsp:rsidR="00000000" wsp:rsidRDefault="0019117C"><w:pPr><w:widowControl/><w:rPr><w:rFonts w:ascii="宋体" w:h-ansi="宋体" w:cs="宋体"/><wx:font wx:val="宋体"/><w:color w:val="000000"/><w:kern w:val="0"/><w:sz w:val="24"/><w:sz-cs w:val="24"/></w:rPr></w:pPr><w:r><w:rPr><w:rFonts w:ascii="宋体" w:h-ansi="宋体" w:cs="宋体" w:hint="fareast"/><wx:font wx:val="宋体"/><w:color w:val="000000"/><w:kern w:val="0"/><w:sz w:val="24"/><w:sz-cs w:val="24"/></w:rPr><w:t>${sendDate}</w:t></w:r></w:p></w:tc></w:tr><w:tr wsp:rsidR="00000000"><w:trPr><w:trHeight w:val="870"/><w:jc w:val="center"/></w:trPr><w:tc><w:tcPr><w:tcW w:w="2320" w:type="dxa"/><w:tcBorders><w:top w:val="nil"/><w:left w:val="single" w:sz="8" wx:bdrwidth="20" w:space="0" w:color="auto"/><w:bottom w:val="single" w:sz="8" wx:bdrwidth="20" w:space="0" w:color="auto"/><w:right w:val="single" w:sz="8" wx:bdrwidth="20" w:space="0" w:color="auto"/></w:tcBorders><w:vAlign w:val="center"/></w:tcPr><w:p wsp:rsidR="00000000" wsp:rsidRDefault="0019117C"><w:pPr><w:widowControl/><w:rPr><w:rFonts w:ascii="Times New Roman" w:h-ansi="Times New Roman"/><wx:font wx:val="Times New Roman"/><w:color w:val="000000"/><w:kern w:val="0"/><w:sz w:val="24"/><w:sz-cs w:val="24"/></w:rPr></w:pPr><w:r><w:rPr><w:rFonts w:ascii="宋体" w:h-ansi="宋体" w:hint="fareast"/><wx:font wx:val="宋体"/><w:color w:val="000000"/><w:kern w:val="0"/><w:sz w:val="24"/><w:sz-cs w:val="24"/></w:rPr><w:t>付款账户名：</w:t></w:r></w:p></w:tc><w:tc><w:tcPr><w:tcW w:w="2860" w:type="dxa"/><w:tcBorders><w:top w:val="nil"/><w:left w:val="nil"/><w:bottom w:val="single" w:sz="8" wx:bdrwidth="20" w:space="0" w:color="auto"/><w:right w:val="single" w:sz="8" wx:bdrwidth="20" w:space="0" w:color="auto"/></w:tcBorders><w:vAlign w:val="center"/></w:tcPr><w:p wsp:rsidR="00000000" wsp:rsidRDefault="0019117C"><w:pPr><w:widowControl/><w:rPr><w:rFonts w:ascii="宋体" w:h-ansi="宋体" w:cs="宋体"/><wx:font wx:val="宋体"/><w:color w:val="000000"/><w:kern w:val="0"/><w:sz w:val="24"/><w:sz-cs w:val="24"/></w:rPr></w:pPr><w:r><w:rPr><w:rFonts w:ascii="宋体" w:h-ansi="宋体" w:cs="宋体" w:hint="fareast"/><wx:font wx:val="宋体"/><w:color w:val="000000"/><w:kern w:val="0"/><w:sz w:val="24"/><w:sz-cs w:val="24"/></w:rPr><w:t>${openAccNameI}</w:t></w:r></w:p></w:tc><w:tc><w:tcPr><w:tcW w:w="2380" w:type="dxa"/><w:tcBorders><w:top w:val="single" w:sz="8" wx:bdrwidth="20" w:space="0" w:color="auto"/><w:left w:val="nil"/><w:bottom w:val="single" w:sz="8" wx:bdrwidth="20" w:space="0" w:color="auto"/><w:right w:val="single" w:sz="8" wx:bdrwidth="20" w:space="0" w:color="auto"/></w:tcBorders><w:vAlign w:val="center"/></w:tcPr><w:p wsp:rsidR="00000000" wsp:rsidRDefault="0019117C"><w:pPr><w:widowControl/><w:rPr><w:rFonts w:ascii="宋体" w:h-ansi="宋体" w:cs="宋体"/><wx:font wx:val="宋体"/><w:color w:val="000000"/><w:kern w:val="0"/><w:sz w:val="24"/><w:sz-cs w:val="24"/></w:rPr></w:pPr><w:r><w:rPr><w:rFonts w:ascii="宋体" w:h-ansi="宋体" w:cs="宋体" w:hint="fareast"/><wx:font wx:val="宋体"/><w:color w:val="000000"/><w:kern w:val="0"/><w:sz w:val="24"/><w:sz-cs w:val="24"/></w:rPr><w:t>收款账户名：</w:t></w:r></w:p></w:tc><w:tc><w:tcPr><w:tcW w:w="2820" w:type="dxa"/><w:tcBorders><w:top w:val="single" w:sz="8" wx:bdrwidth="20" w:space="0" w:color="auto"/><w:left w:val="nil"/><w:bottom w:val="single" w:sz="8" wx:bdrwidth="20" w:space="0" w:color="auto"/><w:right w:val="single" w:sz="8" wx:bdrwidth="20" w:space="0" w:color="auto"/></w:tcBorders><w:vAlign w:val="center"/></w:tcPr><w:p wsp:rsidR="00000000" wsp:rsidRDefault="0019117C"><w:pPr><w:widowControl/><w:rPr><w:rFonts w:ascii="宋体" w:h-ansi="宋体"/><wx:font wx:val="宋体"/><w:color w:val="000000"/><w:kern w:val="0"/><w:sz w:val="24"/><w:sz-cs w:val="24"/></w:rPr></w:pPr><w:r><w:rPr><w:rFonts w:ascii="宋体" w:h-ansi="宋体" w:hint="fareast"/><wx:font wx:val="宋体"/><w:color w:val="000000"/><w:kern w:val="0"/><w:sz w:val="24"/><w:sz-cs w:val="24"/></w:rPr><w:t>${openAccName}</w:t></w:r></w:p></w:tc></w:tr><w:tr wsp:rsidR="00000000"><w:trPr><w:trHeight w:val="540"/><w:jc w:val="center"/></w:trPr><w:tc><w:tcPr><w:tcW w:w="2320" w:type="dxa"/><w:tcBorders><w:top w:val="nil"/><w:left w:val="single" w:sz="8" wx:bdrwidth="20" w:space="0" w:color="auto"/><w:bottom w:val="single" w:sz="8" wx:bdrwidth="20" w:space="0" w:color="auto"/><w:right w:val="single" w:sz="8" wx:bdrwidth="20" w:space="0" w:color="auto"/></w:tcBorders><w:vAlign w:val="center"/></w:tcPr><w:p wsp:rsidR="00000000" wsp:rsidRDefault="0019117C"><w:pPr><w:widowControl/><w:rPr><w:rFonts w:ascii="宋体" w:h-ansi="宋体" w:cs="宋体"/><wx:font wx:val="宋体"/><w:color w:val="000000"/><w:kern w:val="0"/><w:sz w:val="24"/><w:sz-cs w:val="24"/></w:rPr></w:pPr><w:r><w:rPr><w:rFonts w:ascii="宋体" w:h-ansi="宋体" w:cs="宋体" w:hint="fareast"/><wx:font wx:val="宋体"/><w:color w:val="000000"/><w:kern w:val="0"/><w:sz w:val="24"/><w:sz-cs w:val="24"/></w:rPr><w:t>付款帐号：</w:t></w:r></w:p></w:tc><w:tc><w:tcPr><w:tcW w:w="2860" w:type="dxa"/><w:tcBorders><w:top w:val="nil"/><w:left w:val="nil"/><w:bottom w:val="single" w:sz="8" wx:bdrwidth="20" w:space="0" w:color="auto"/><w:right w:val="single" w:sz="8" wx:bdrwidth="20" w:space="0" w:color="auto"/></w:tcBorders><w:vAlign w:val="center"/></w:tcPr><w:p wsp:rsidR="00000000" wsp:rsidRDefault="0019117C"><w:pPr><w:widowControl/><w:rPr><w:rFonts w:ascii="宋体" w:h-ansi="宋体" w:cs="宋体"/><wx:font wx:val="宋体"/><w:color w:val="000000"/><w:kern w:val="0"/><w:sz w:val="24"/><w:sz-cs w:val="24"/></w:rPr></w:pPr><w:r><w:rPr><w:rFonts w:ascii="宋体" w:h-ansi="宋体" w:cs="宋体" w:hint="fareast"/><wx:font wx:val="宋体"/><w:color w:val="000000"/><w:kern w:val="0"/><w:sz w:val="24"/><w:sz-cs w:val="24"/></w:rPr><w:t>${openAccI}</w:t></w:r></w:p></w:tc><w:tc><w:tcPr><w:tcW w:w="2380" w:type="dxa"/><w:tcBorders><w:top w:val="single" w:sz="8" wx:bdrwidth="20" w:space="0" w:color="auto"/><w:left w:val="nil"/><w:bottom w:val="single" w:sz="8" wx:bdrwidth="20" w:space="0" w:color="auto"/><w:right w:val="single" w:sz="8" wx:bdrwidth="20" w:space="0" w:color="auto"/></w:tcBorders><w:vAlign w:val="center"/></w:tcPr><w:p wsp:rsidR="00000000" wsp:rsidRDefault="0019117C"><w:pPr><w:widowControl/><w:rPr><w:rFonts w:ascii="宋体" w:h-ansi="宋体" w:cs="宋体"/><wx:font wx:val="宋体"/><w:color w:val="000000"/><w:kern w:val="0"/><w:sz w:val="24"/><w:sz-cs w:val="24"/></w:rPr></w:pPr><w:r><w:rPr><w:rFonts w:ascii="宋体" w:h-ansi="宋体" w:cs="宋体" w:hint="fareast"/><wx:font wx:val="宋体"/><w:color w:val="000000"/><w:kern w:val="0"/><w:sz w:val="24"/><w:sz-cs w:val="24"/></w:rPr><w:t>收款账号：</w:t></w:r></w:p></w:tc><w:tc><w:tcPr><w:tcW w:w="2820" w:type="dxa"/><w:tcBorders><w:top w:val="single" w:sz="8" wx:bdrwidth="20" w:space="0" w:color="auto"/><w:left w:val="nil"/><w:bottom w:val="single" w:sz="8" wx:bdrwidth="20" w:space="0" w:color="auto"/><w:right w:val="single" w:sz="8" wx:bdrwidth="20" w:space="0" w:color="auto"/></w:tcBorders><w:vAlign w:val="center"/></w:tcPr><w:p wsp:rsidR="00000000" wsp:rsidRDefault="0019117C"><w:pPr><w:widowControl/><w:rPr><w:rFonts w:ascii="宋体" w:h-ansi="宋体"/><wx:font wx:val="宋体"/><w:color w:val="000000"/><w:kern w:val="0"/><w:sz w:val="24"/><w:sz-cs w:val="24"/></w:rPr></w:pPr><w:r><w:rPr><w:rFonts w:ascii="宋体" w:h-ansi="宋体" w:hint="fareast"/><wx:font wx:val="宋体"/><w:color w:val="000000"/><w:kern w:val="0"/><w:sz w:val="24"/><w:sz-cs w:val="24"/></w:rPr><w:t>${openAccNo}</w:t></w:r></w:p></w:tc></w:tr><w:tr wsp:rsidR="00000000"><w:trPr><w:trHeight w:val="585"/><w:jc w:val="center"/></w:trPr><w:tc><w:tcPr><w:tcW w:w="2320" w:type="dxa"/><w:tcBorders><w:top w:val="nil"/><w:left w:val="single" w:sz="8" wx:bdrwidth="20" w:space="0" w:color="auto"/><w:bottom w:val="single" w:sz="8" wx:bdrwidth="20" w:space="0" w:color="auto"/><w:right w:val="single" w:sz="8" wx:bdrwidth="20" w:space="0" w:color="auto"/></w:tcBorders><w:vAlign w:val="center"/></w:tcPr><w:p wsp:rsidR="00000000" wsp:rsidRDefault="0019117C"><w:pPr><w:widowControl/><w:rPr><w:rFonts w:ascii="宋体" w:h-ansi="宋体" w:cs="宋体"/><wx:font wx:val="宋体"/><w:color w:val="000000"/><w:kern w:val="0"/><w:sz w:val="24"/><w:sz-cs w:val="24"/></w:rPr></w:pPr><w:r><w:rPr><w:rFonts w:ascii="宋体" w:h-ansi="宋体" w:cs="宋体" w:hint="fareast"/><wx:font wx:val="宋体"/><w:color w:val="000000"/><w:kern w:val="0"/><w:sz w:val="24"/><w:sz-cs w:val="24"/></w:rPr><w:t>开户行：</w:t></w:r></w:p></w:tc><w:tc><w:tcPr><w:tcW w:w="2860" w:type="dxa"/><w:tcBorders><w:top w:val="nil"/><w:left w:val="nil"/><w:bottom w:val="single" w:sz="8" wx:bdrwidth="20" w:space="0" w:color="auto"/><w:right w:val="single" w:sz="8" wx:bdrwidth="20" w:space="0" w:color="auto"/></w:tcBorders><w:vAlign w:val="center"/></w:tcPr><w:p wsp:rsidR="00000000" wsp:rsidRDefault="0019117C"><w:pPr><w:widowControl/><w:rPr><w:rFonts w:ascii="宋体" w:h-ansi="宋体" w:cs="宋体"/><wx:font wx:val="宋体"/><w:color w:val="000000"/><w:kern w:val="0"/><w:sz w:val="24"/><w:sz-cs w:val="24"/></w:rPr></w:pPr><w:r><w:rPr><w:rFonts w:ascii="宋体" w:h-ansi="宋体" w:cs="宋体" w:hint="fareast"/><wx:font wx:val="宋体"/><w:color w:val="000000"/><w:kern w:val="0"/><w:sz w:val="24"/><w:sz-cs w:val="24"/></w:rPr><w:t>${openAddrI}</w:t></w:r></w:p></w:tc><w:tc><w:tcPr><w:tcW w:w="2380" w:type="dxa"/><w:tcBorders><w:top w:val="single" w:sz="8" wx:bdrwidth="20" w:space="0" w:color="auto"/><w:left w:val="nil"/><w:bottom w:val="single" w:sz="8" wx:bdrwidth="20" w:space="0" w:color="auto"/><w:right w:val="single" w:sz="8" wx:bdrwidth="20" w:space="0" w:color="auto"/></w:tcBorders><w:vAlign w:val="center"/></w:tcPr><w:p wsp:rsidR="00000000" wsp:rsidRDefault="0019117C"><w:pPr><w:widowControl/><w:rPr><w:rFonts w:ascii="宋体" w:h-ansi="宋体" w:cs="宋体"/><wx:font wx:val="宋体"/><w:color w:val="000000"/><w:kern w:val="0"/><w:sz w:val="24"/><w:sz-cs w:val="24"/></w:rPr></w:pPr><w:r><w:rPr><w:rFonts w:ascii="宋体" w:h-ansi="宋体" w:cs="宋体" w:hint="fareast"/><wx:font wx:val="宋体"/><w:color w:val="000000"/><w:kern w:val="0"/><w:sz w:val="24"/><w:sz-cs w:val="24"/></w:rPr><w:t>开户行：</w:t></w:r></w:p></w:tc><w:tc><w:tcPr><w:tcW w:w="2820" w:type="dxa"/><w:tcBorders><w:top w:val="single" w:sz="8" wx:bdrwidth="20" w:space="0" w:color="auto"/><w:left w:val="nil"/><w:bottom w:val="single" w:sz="8" wx:bdrwidth="20" w:space="0" w:color="auto"/><w:right w:val="single" w:sz="8" wx:bdrwidth="20" w:space="0" w:color="auto"/></w:tcBorders><w:vAlign w:val="center"/></w:tcPr><w:p wsp:rsidR="00000000" wsp:rsidRDefault="0019117C"><w:pPr><w:widowControl/><w:rPr><w:rFonts w:ascii="宋体" w:h-ansi="宋体"/><wx:font wx:val="宋体"/><w:color w:val="000000"/><w:kern w:val="0"/><w:sz w:val="24"/><w:sz-cs w:val="24"/></w:rPr></w:pPr><w:r><w:rPr><w:rFonts w:ascii="宋体" w:h-ansi="宋体" w:hint="fareast"/><wx:font wx:val="宋体"/><w:color w:val="000000"/><w:kern w:val="0"/><w:sz w:val="24"/><w:sz-cs w:val="24"/></w:rPr><w:t>${openBank}</w:t></w:r></w:p></w:tc></w:tr><w:tr wsp:rsidR="00000000"><w:trPr><w:trHeight w:val="390"/><w:jc w:val="center"/></w:trPr><w:tc><w:tcPr><w:tcW w:w="2320" w:type="dxa"/><w:tcBorders><w:top w:val="nil"/><w:left w:val="single" w:sz="8" wx:bdrwidth="20" w:space="0" w:color="auto"/><w:bottom w:val="single" w:sz="8" wx:bdrwidth="20" w:space="0" w:color="auto"/><w:right w:val="single" w:sz="8" wx:bdrwidth="20" w:space="0" w:color="auto"/></w:tcBorders><w:vAlign w:val="center"/></w:tcPr><w:p wsp:rsidR="00000000" wsp:rsidRDefault="0019117C"><w:pPr><w:widowControl/><w:rPr><w:rFonts w:ascii="宋体" w:h-ansi="宋体" w:cs="宋体"/><wx:font wx:val="宋体"/><w:color w:val="000000"/><w:kern w:val="0"/><w:sz w:val="24"/><w:sz-cs w:val="24"/></w:rPr></w:pPr><w:r><w:rPr><w:rFonts w:ascii="宋体" w:h-ansi="宋体" w:cs="宋体" w:hint="fareast"/><wx:font wx:val="宋体"/><w:color w:val="000000"/><w:kern w:val="0"/><w:sz w:val="24"/><w:sz-cs w:val="24"/></w:rPr><w:t>大额支付行号：</w:t></w:r></w:p></w:tc><w:tc><w:tcPr><w:tcW w:w="2860" w:type="dxa"/><w:tcBorders><w:top w:val="nil"/><w:left w:val="nil"/><w:bottom w:val="single" w:sz="8" wx:bdrwidth="20" w:space="0" w:color="auto"/><w:right w:val="single" w:sz="8" wx:bdrwidth="20" w:space="0" w:color="auto"/></w:tcBorders><w:vAlign w:val="center"/></w:tcPr><w:p wsp:rsidR="00000000" wsp:rsidRDefault="0019117C"><w:pPr><w:widowControl/><w:rPr><w:rFonts w:ascii="宋体" w:h-ansi="宋体"/><wx:font wx:val="宋体"/><w:color w:val="000000"/><w:kern w:val="0"/><w:sz w:val="24"/><w:sz-cs w:val="24"/></w:rPr></w:pPr><w:r><w:rPr><w:rFonts w:ascii="宋体" w:h-ansi="宋体" w:hint="fareast"/><wx:font wx:val="宋体"/><w:color w:val="000000"/><w:kern w:val="0"/><w:sz w:val="24"/><w:sz-cs w:val="24"/></w:rPr><w:t>${bankCode}</w:t></w:r></w:p></w:tc><w:tc><w:tcPr><w:tcW w:w="2380" w:type="dxa"/><w:tcBorders><w:top w:val="single" w:sz="8" wx:bdrwidth="20" w:space="0" w:color="auto"/><w:left w:val="nil"/><w:bottom w:val="single" w:sz="8" wx:bdrwidth="20" w:space="0" w:color="auto"/><w:right w:val="single" w:sz="8" wx:bdrwidth="20" w:space="0" w:color="auto"/></w:tcBorders><w:vAlign w:val="center"/></w:tcPr><w:p wsp:rsidR="00000000" wsp:rsidRDefault="0019117C"><w:pPr><w:widowControl/><w:rPr><w:rFonts w:ascii="宋体" w:h-ansi="宋体" w:cs="宋体"/><wx:font wx:val="宋体"/><w:color w:val="000000"/><w:kern w:val="0"/><w:sz w:val="24"/><w:sz-cs w:val="24"/></w:rPr></w:pPr><w:r><w:rPr><w:rFonts w:ascii="宋体" w:h-ansi="宋体" w:cs="宋体" w:hint="fareast"/><wx:font wx:val="宋体"/><w:color w:val="000000"/><w:kern w:val="0"/><w:sz w:val="24"/><w:sz-cs w:val="24"/></w:rPr><w:t>大额支付行号：</w:t></w:r></w:p></w:tc><w:tc><w:tcPr><w:tcW w:w="2820" w:type="dxa"/><w:tcBorders><w:top w:val="single" w:sz="8" wx:bdrwidth="20" w:space="0" w:color="auto"/><w:left w:val="nil"/><w:bottom w:val="single" w:sz="8" wx:bdrwidth="20" w:space="0" w:color="auto"/><w:right w:val="single" w:sz="8" wx:bdrwidth="20" w:space="0" w:color="auto"/></w:tcBorders><w:vAlign w:val="center"/></w:tcPr><w:p wsp:rsidR="00000000" wsp:rsidRDefault="0019117C"><w:pPr><w:widowControl/><w:rPr><w:rFonts w:ascii="宋体" w:h-ansi="宋体"/><wx:font wx:val="宋体"/><w:color w:val="000000"/><w:kern w:val="0"/><w:sz w:val="24"/><w:sz-cs w:val="24"/></w:rPr></w:pPr><w:r><w:rPr><w:rFonts w:ascii="宋体" w:h-ansi="宋体" w:hint="fareast"/><wx:font wx:val="宋体"/><w:color w:val="000000"/><w:kern w:val="0"/><w:sz w:val="24"/><w:sz-cs w:val="24"/></w:rPr><w:t>${bankCode}</w:t></w:r></w:p></w:tc></w:tr><w:tr wsp:rsidR="00000000"><w:trPr><w:trHeight w:val="630"/><w:jc w:val="center"/></w:trPr><w:tc><w:tcPr><w:tcW w:w="2320" w:type="dxa"/><w:tcBorders><w:top w:val="nil"/><w:left w:val="single" w:sz="8" wx:bdrwidth="20" w:space="0" w:color="auto"/><w:bottom w:val="single" w:sz="8" wx:bdrwidth="20" w:space="0" w:color="auto"/><w:right w:val="single" w:sz="8" wx:bdrwidth="20" w:space="0" w:color="auto"/></w:tcBorders><w:vAlign w:val="center"/></w:tcPr><w:p wsp:rsidR="00000000" wsp:rsidRDefault="0019117C"><w:pPr><w:widowControl/><w:rPr><w:rFonts w:ascii="Times New Roman" w:h-ansi="Times New Roman"/><wx:font wx:val="Times New Roman"/><w:color w:val="000000"/><w:kern w:val="0"/><w:sz w:val="24"/><w:sz-cs w:val="24"/></w:rPr></w:pPr><w:r><w:rPr><w:rFonts w:ascii="宋体" w:h-ansi="宋体" w:hint="fareast"/><wx:font wx:val="宋体"/><w:color w:val="000000"/><w:kern w:val="0"/><w:sz w:val="24"/><w:sz-cs w:val="24"/></w:rPr><w:t>划款金额</w:t></w:r><w:r><w:rPr><w:rFonts w:ascii="Times New Roman" w:h-ansi="Times New Roman"/><wx:font wx:val="Times New Roman"/><w:color w:val="000000"/><w:kern w:val="0"/><w:sz w:val="24"/><w:sz-cs w:val="24"/></w:rPr><w:t>(</w:t></w:r><w:r><w:rPr><w:rFonts w:ascii="宋体" w:h-ansi="宋体" w:hint="fareast"/><wx:font wx:val="宋体"/><w:color w:val="000000"/><w:kern w:val="0"/><w:sz w:val="24"/><w:sz-cs w:val="24"/></w:rPr><w:t>小写</w:t></w:r><w:r><w:rPr><w:rFonts w:ascii="Times New Roman" w:h-ansi="Times New Roman"/><wx:font wx:val="Times New Roman"/><w:color w:val="000000"/><w:kern w:val="0"/><w:sz w:val="24"/><w:sz-cs w:val="24"/></w:rPr><w:t>)</w:t></w:r><w:r><w:rPr><w:rFonts w:ascii="宋体" w:h-ansi="宋体" w:hint="fareast"/><wx:font wx:val="宋体"/><w:color w:val="000000"/><w:kern w:val="0"/><w:sz w:val="24"/><w:sz-cs w:val="24"/></w:rPr><w:t>：</w:t></w:r></w:p></w:tc><w:tc><w:tcPr><w:tcW w:w="8060" w:type="dxa"/><w:gridSpan w:val="3"/><w:tcBorders><w:top w:val="single" w:sz="8" wx:bdrwidth="20" w:space="0" w:color="auto"/><w:left w:val="nil"/><w:bottom w:val="single" w:sz="8" wx:bdrwidth="20" w:space="0" w:color="000000"/><w:right w:val="single" w:sz="8" wx:bdrwidth="20" w:space="0" w:color="auto"/></w:tcBorders><w:vAlign w:val="center"/></w:tcPr><w:p wsp:rsidR="00000000" wsp:rsidRDefault="0019117C"><w:pPr><w:widowControl/><w:jc w:val="right"/><w:rPr><w:rFonts w:ascii="宋体" w:h-ansi="宋体" w:cs="宋体"/><wx:font wx:val="宋体"/><w:color w:val="000000"/><w:kern w:val="0"/><w:sz w:val="24"/><w:sz-cs w:val="24"/></w:rPr></w:pPr><w:r><w:rPr><w:rFonts w:ascii="宋体" w:h-ansi="宋体" w:cs="宋体" w:hint="fareast"/><wx:font wx:val="宋体"/><w:color w:val="000000"/><w:kern w:val="0"/><w:sz w:val="24"/><w:sz-cs w:val="24"/></w:rPr><w:t>${ordMoney}</w:t></w:r></w:p></w:tc></w:tr><w:tr wsp:rsidR="00000000"><w:trPr><w:trHeight w:val="600"/><w:jc w:val="center"/></w:trPr><w:tc><w:tcPr><w:tcW w:w="2320" w:type="dxa"/><w:tcBorders><w:top w:val="nil"/><w:left w:val="single" w:sz="8" wx:bdrwidth="20" w:space="0" w:color="auto"/><w:bottom w:val="single" w:sz="8" wx:bdrwidth="20" w:space="0" w:color="auto"/><w:right w:val="single" w:sz="8" wx:bdrwidth="20" w:space="0" w:color="auto"/></w:tcBorders><w:vAlign w:val="center"/></w:tcPr><w:p wsp:rsidR="00000000" wsp:rsidRDefault="0019117C"><w:pPr><w:widowControl/><w:rPr><w:rFonts w:ascii="Times New Roman" w:h-ansi="Times New Roman"/><wx:font wx:val="Times New Roman"/><w:color w:val="000000"/><w:kern w:val="0"/><w:sz w:val="24"/><w:sz-cs w:val="24"/></w:rPr></w:pPr><w:r><w:rPr><w:rFonts w:ascii="宋体" w:h-ansi="宋体" w:hint="fareast"/><wx:font wx:val="宋体"/><w:color w:val="000000"/><w:kern w:val="0"/><w:sz w:val="24"/><w:sz-cs w:val="24"/></w:rPr><w:t>划款金额</w:t></w:r><w:r><w:rPr><w:rFonts w:ascii="Times New Roman" w:h-ansi="Times New Roman"/><wx:font wx:val="Times New Roman"/><w:color w:val="000000"/><w:kern w:val="0"/><w:sz w:val="24"/><w:sz-cs w:val="24"/></w:rPr><w:t>(</w:t></w:r><w:r><w:rPr><w:rFonts w:ascii="宋体" w:h-ansi="宋体" w:hint="fareast"/><wx:font wx:val="宋体"/><w:color w:val="000000"/><w:kern w:val="0"/><w:sz w:val="24"/><w:sz-cs w:val="24"/></w:rPr><w:t>大写</w:t></w:r><w:r><w:rPr><w:rFonts w:ascii="Times New Roman" w:h-ansi="Times New Roman"/><wx:font wx:val="Times New Roman"/><w:color w:val="000000"/><w:kern w:val="0"/><w:sz w:val="24"/><w:sz-cs w:val="24"/></w:rPr><w:t>)</w:t></w:r><w:r><w:rPr><w:rFonts w:ascii="宋体" w:h-ansi="宋体" w:hint="fareast"/><wx:font wx:val="宋体"/><w:color w:val="000000"/><w:kern w:val="0"/><w:sz w:val="24"/><w:sz-cs w:val="24"/></w:rPr><w:t>：</w:t></w:r></w:p></w:tc><w:tc><w:tcPr><w:tcW w:w="8060" w:type="dxa"/><w:gridSpan w:val="3"/><w:tcBorders><w:top w:val="single" w:sz="8" wx:bdrwidth="20" w:space="0" w:color="auto"/><w:left w:val="nil"/><w:bottom w:val="single" w:sz="8" wx:bdrwidth="20" w:space="0" w:color="000000"/><w:right w:val="single" w:sz="8" wx:bdrwidth="20" w:space="0" w:color="auto"/></w:tcBorders><w:vAlign w:val="center"/></w:tcPr><w:p wsp:rsidR="00000000" wsp:rsidRDefault="0019117C"><w:pPr><w:widowControl/><w:jc w:val="right"/><w:rPr><w:rFonts w:ascii="宋体" w:h-ansi="宋体" w:cs="宋体"/><wx:font wx:val="宋体"/><w:color w:val="000000"/><w:kern w:val="0"/><w:sz w:val="24"/><w:sz-cs w:val="24"/></w:rPr></w:pPr><w:r><w:rPr><w:rFonts w:ascii="宋体" w:h-ansi="宋体" w:cs="宋体" w:hint="fareast"/><wx:font wx:val="宋体"/><w:color w:val="000000"/><w:kern w:val="0"/><w:sz w:val="24"/><w:sz-cs w:val="24"/></w:rPr><w:t>${ordMoneyUpper}</w:t></w:r></w:p></w:tc></w:tr><w:tr wsp:rsidR="00000000"><w:trPr><w:trHeight w:val="495"/><w:jc w:val="center"/></w:trPr><w:tc><w:tcPr><w:tcW w:w="2320" w:type="dxa"/><w:tcBorders><w:top w:val="nil"/><w:left w:val="single" w:sz="8" wx:bdrwidth="20" w:space="0" w:color="auto"/><w:bottom w:val="single" w:sz="8" wx:bdrwidth="20" w:space="0" w:color="auto"/><w:right w:val="single" w:sz="8" wx:bdrwidth="20" w:space="0" w:color="auto"/></w:tcBorders><w:vAlign w:val="center"/></w:tcPr><w:p wsp:rsidR="00000000" wsp:rsidRDefault="0019117C"><w:pPr><w:widowControl/><w:rPr><w:rFonts w:ascii="Times New Roman" w:h-ansi="Times New Roman"/><wx:font wx:val="Times New Roman"/><w:color w:val="000000"/><w:kern w:val="0"/><w:sz w:val="24"/><w:sz-cs w:val="24"/></w:rPr></w:pPr><w:r><w:rPr><w:rFonts w:ascii="宋体" w:h-ansi="宋体" w:hint="fareast"/><wx:font wx:val="宋体"/><w:color w:val="000000"/><w:kern w:val="0"/><w:sz w:val="24"/><w:sz-cs w:val="24"/></w:rPr><w:t>划款用途：</w:t></w:r></w:p></w:tc><w:tc><w:tcPr><w:tcW w:w="8060" w:type="dxa"/><w:gridSpan w:val="3"/><w:tcBorders><w:top w:val="single" w:sz="8" wx:bdrwidth="20" w:space="0" w:color="auto"/><w:left w:val="nil"/><w:bottom w:val="single" w:sz="8" wx:bdrwidth="20" w:space="0" w:color="000000"/><w:right w:val="single" w:sz="8" wx:bdrwidth="20" w:space="0" w:color="auto"/></w:tcBorders><w:vAlign w:val="center"/></w:tcPr><w:p wsp:rsidR="00000000" wsp:rsidRDefault="0019117C"><w:pPr><w:widowControl/><w:jc w:val="center"/><w:rPr><w:rFonts w:ascii="Times New Roman" w:h-ansi="Times New Roman"/><wx:font wx:val="Times New Roman"/><w:color w:val="000000"/><w:kern w:val="0"/><w:sz w:val="24"/><w:sz-cs w:val="24"/></w:rPr></w:pPr><w:r><w:rPr><w:rFonts w:ascii="宋体" w:h-ansi="宋体" w:hint="fareast"/><wx:font wx:val="宋体"/><w:color w:val="000000"/><w:kern w:val="0"/><w:sz w:val="24"/><w:sz-cs w:val="24"/></w:rPr><w:t>${usage}</w:t></w:r></w:p></w:tc></w:tr><w:tr wsp:rsidR="00000000"><w:trPr><w:trHeight w:val="375"/><w:jc w:val="center"/></w:trPr><w:tc><w:tcPr><w:tcW w:w="2320" w:type="dxa"/><w:vmerge w:val="restart"/><w:tcBorders><w:top w:val="nil"/><w:left w:val="single" w:sz="8" wx:bdrwidth="20" w:space="0" w:color="auto"/><w:bottom w:val="single" w:sz="8" wx:bdrwidth="20" w:space="0" w:color="000000"/><w:right w:val="single" w:sz="8" wx:bdrwidth="20" w:space="0" w:color="auto"/></w:tcBorders><w:vAlign w:val="center"/></w:tcPr><w:p wsp:rsidR="00000000" wsp:rsidRDefault="0019117C"><w:pPr><w:widowControl/><w:rPr><w:rFonts w:ascii="宋体" w:h-ansi="宋体" w:cs="宋体"/><wx:font wx:val="宋体"/><w:color w:val="000000"/><w:kern w:val="0"/><w:sz w:val="24"/><w:sz-cs w:val="24"/></w:rPr></w:pPr><w:r><w:rPr><w:rFonts w:ascii="宋体" w:h-ansi="宋体" w:cs="宋体" w:hint="fareast"/><wx:font wx:val="宋体"/><w:color w:val="000000"/><w:kern w:val="0"/><w:sz w:val="24"/><w:sz-cs w:val="24"/></w:rPr><w:t>备注</w:t></w:r></w:p></w:tc><w:tc><w:tcPr><w:tcW w:w="8060" w:type="dxa"/><w:gridSpan w:val="3"/><w:vmerge w:val="restart"/><w:tcBorders><w:top w:val="single" w:sz="8" wx:bdrwidth="20" w:space="0" w:color="auto"/><w:left w:val="single" w:sz="8" wx:bdrwidth="20" w:space="0" w:color="auto"/><w:bottom w:val="single" w:sz="8" wx:bdrwidth="20" w:space="0" w:color="000000"/><w:right w:val="single" w:sz="8" wx:bdrwidth="20" w:space="0" w:color="auto"/></w:tcBorders><w:vAlign w:val="center"/></w:tcPr><w:p wsp:rsidR="00000000" wsp:rsidRDefault="0019117C"><w:pPr><w:widowControl/><w:jc w:val="center"/><w:rPr><w:rFonts w:ascii="宋体" w:h-ansi="宋体" w:cs="宋体"/><wx:font wx:val="宋体"/><w:color w:val="000000"/><w:kern w:val="0"/><w:sz w:val="24"/><w:sz-cs w:val="24"/></w:rPr></w:pPr><w:r><w:rPr><w:rFonts w:ascii="宋体" w:h-ansi="宋体" w:cs="宋体" w:hint="fareast"/><wx:font wx:val="宋体"/><w:color w:val="000000"/><w:kern w:val="0"/><w:sz w:val="24"/><w:sz-cs w:val="24"/></w:rPr><w:t>${ordDesc}</w:t></w:r></w:p></w:tc></w:tr><w:tr wsp:rsidR="00000000"><w:trPr><w:trHeight w:val="390"/><w:jc w:val="center"/></w:trPr><w:tc><w:tcPr><w:tcW w:w="2320" w:type="dxa"/><w:vmerge/><w:tcBorders><w:top w:val="nil"/><w:left w:val="single" w:sz="8" wx:bdrwidth="20" w:space="0" w:color="auto"/><w:bottom w:val="single" w:sz="8" wx:bdrwidth="20" w:space="0" w:color="000000"/><w:right w:val="single" w:sz="8" wx:bdrwidth="20" w:space="0" w:color="auto"/></w:tcBorders><w:vAlign w:val="center"/></w:tcPr><w:p wsp:rsidR="00000000" wsp:rsidRDefault="0019117C"><w:pPr><w:widowControl/><w:jc w:val="left"/><w:rPr><w:rFonts w:ascii="宋体" w:h-ansi="宋体" w:cs="宋体"/><wx:font wx:val="宋体"/><w:color w:val="000000"/><w:kern w:val="0"/><w:sz w:val="24"/><w:sz-cs w:val="24"/></w:rPr></w:pPr></w:p></w:tc><w:tc><w:tcPr><w:tcW w:w="8060" w:type="dxa"/><w:gridSpan w:val="3"/><w:vmerge/><w:tcBorders><w:top w:val="single" w:sz="8" wx:bdrwidth="20" w:space="0" w:color="auto"/><w:left w:val="single" w:sz="8" wx:bdrwidth="20" w:space="0" w:color="auto"/><w:bottom w:val="single" w:sz="8" wx:bdrwidth="20" w:space="0" w:color="000000"/><w:right w:val="single" w:sz="8" wx:bdrwidth="20" w:space="0" w:color="auto"/></w:tcBorders><w:vAlign w:val="center"/></w:tcPr><w:p wsp:rsidR="00000000" wsp:rsidRDefault="0019117C"><w:pPr><w:widowControl/><w:jc w:val="left"/><w:rPr><w:rFonts w:ascii="宋体" w:h-ansi="宋体" w:cs="宋体"/><wx:font wx:val="宋体"/><w:color w:val="000000"/><w:kern w:val="0"/><w:sz w:val="24"/><w:sz-cs w:val="24"/></w:rPr></w:pPr></w:p></w:tc></w:tr><w:tr wsp:rsidR="00000000"><w:trPr><w:trHeight w:val="375"/><w:jc w:val="center"/></w:trPr><w:tc><w:tcPr><w:tcW w:w="2320" w:type="dxa"/><w:vmerge w:val="restart"/><w:tcBorders><w:top w:val="nil"/><w:left w:val="single" w:sz="8" wx:bdrwidth="20" w:space="0" w:color="auto"/><w:bottom w:val="single" w:sz="8" wx:bdrwidth="20" w:space="0" w:color="000000"/><w:right w:val="single" w:sz="8" wx:bdrwidth="20" w:space="0" w:color="auto"/></w:tcBorders><w:vAlign w:val="center"/></w:tcPr><w:p wsp:rsidR="00000000" wsp:rsidRDefault="0019117C"><w:pPr><w:widowControl/><w:rPr><w:rFonts w:ascii="宋体" w:h-ansi="宋体" w:cs="宋体"/><wx:font wx:val="宋体"/><w:color w:val="000000"/><w:kern w:val="0"/><w:sz w:val="24"/><w:sz-cs w:val="24"/></w:rPr></w:pPr><w:r><w:rPr><w:rFonts w:ascii="宋体" w:h-ansi="宋体" w:cs="宋体" w:hint="fareast"/><wx:font wx:val="宋体"/><w:color w:val="000000"/><w:kern w:val="0"/><w:sz w:val="24"/><w:sz-cs w:val="24"/></w:rPr><w:t>资产公司签章：　</w:t></w:r></w:p></w:tc><w:tc><w:tcPr><w:tcW w:w="2860" w:type="dxa"/><w:vmerge w:val="restart"/><w:tcBorders><w:top w:val="nil"/><w:left w:val="single" w:sz="8" wx:bdrwidth="20" w:space="0" w:color="auto"/><w:bottom w:val="single" w:sz="8" wx:bdrwidth="20" w:space="0" w:color="000000"/><w:right w:val="nil"/></w:tcBorders><w:vAlign w:val="center"/></w:tcPr><w:p wsp:rsidR="00000000" wsp:rsidRDefault="0019117C"><w:pPr><w:widowControl/><w:rPr><w:rFonts w:ascii="宋体" w:h-ansi="宋体" w:cs="宋体"/><wx:font wx:val="宋体"/><w:color w:val="000000"/><w:kern w:val="0"/><w:sz w:val="24"/><w:sz-cs w:val="24"/></w:rPr></w:pPr><w:r><w:rPr><w:rFonts w:ascii="宋体" w:h-ansi="宋体" w:cs="宋体" w:hint="fareast"/><wx:font wx:val="宋体"/><w:color w:val="000000"/><w:kern w:val="0"/><w:sz w:val="24"/><w:sz-cs w:val="24"/></w:rPr><w:t>　</w:t></w:r><w:r wsp:rsidR="006A7F4B"><w:rPr><w:rFonts w:ascii="宋体" w:h-ansi="宋体" w:cs="宋体"/><wx:font wx:val="宋体"/><w:color w:val="000000"/><w:kern w:val="0"/><w:sz w:val="24"/><w:sz-cs w:val="24"/></w:rPr><w:pict><w:binData w:name="wordml://03000002.png" xml:space="preserve">${orgLogo}
</w:binData><v:shape id="图片 4" o:spid="_x0000_i1025" type="#_x0000_t75" style="width:88.5pt;height:88.5pt;mso-wrap-style:square"><v:imagedata src="wordml://03000002.png" o:title="comLogo"/><o:lock v:ext="edit" aspectratio="f"/></v:shape></w:pict></w:r></w:p></w:tc><w:tc><w:tcPr><w:tcW w:w="2380" w:type="dxa"/><w:vmerge w:val="restart"/><w:tcBorders><w:top w:val="nil"/><w:left w:val="single" w:sz="8" wx:bdrwidth="20" w:space="0" w:color="auto"/><w:bottom w:val="single" w:sz="8" wx:bdrwidth="20" w:space="0" w:color="000000"/><w:right w:val="nil"/></w:tcBorders><w:vAlign w:val="center"/></w:tcPr><w:p wsp:rsidR="00000000" wsp:rsidRDefault="0019117C"><w:pPr><w:widowControl/><w:rPr><w:rFonts w:ascii="Times New Roman" w:h-ansi="Times New Roman"/><wx:font wx:val="Times New Roman"/><w:color w:val="000000"/><w:kern w:val="0"/><w:sz w:val="24"/><w:sz-cs w:val="24"/></w:rPr></w:pPr><w:r><w:rPr><w:rFonts w:ascii="Times New Roman" w:h-ansi="Times New Roman"/><wx:font wx:val="Times New Roman"/><w:color w:val="000000"/><w:kern w:val="0"/><w:sz w:val="24"/><w:sz-cs w:val="24"/></w:rPr><w:t> </w:t></w:r><w:r><w:rPr><w:rFonts w:ascii="宋体" w:h-ansi="宋体" w:hint="fareast"/><wx:font wx:val="宋体"/><w:color w:val="000000"/><w:kern w:val="0"/><w:sz w:val="24"/><w:sz-cs w:val="24"/></w:rPr><w:t>托管人签章：　</w:t></w:r></w:p></w:tc><w:tc><w:tcPr><w:tcW w:w="2820" w:type="dxa"/><w:vmerge w:val="restart"/><w:tcBorders><w:top w:val="nil"/><w:left w:val="single" w:sz="8" wx:bdrwidth="20" w:space="0" w:color="auto"/><w:bottom w:val="single" w:sz="8" wx:bdrwidth="20" w:space="0" w:color="000000"/><w:right w:val="single" w:sz="8" wx:bdrwidth="20" w:space="0" w:color="auto"/></w:tcBorders><w:vAlign w:val="center"/></w:tcPr><w:p wsp:rsidR="00000000" wsp:rsidRDefault="0019117C"><w:pPr><w:widowControl/><w:rPr><w:rFonts w:ascii="宋体" w:h-ansi="宋体" w:cs="宋体"/><wx:font wx:val="宋体"/><w:color w:val="000000"/><w:kern w:val="0"/><w:sz w:val="24"/><w:sz-cs w:val="24"/></w:rPr></w:pPr><w:r><w:rPr><w:rFonts w:ascii="宋体" w:h-ansi="宋体" w:cs="宋体" w:hint="fareast"/><wx:font wx:val="宋体"/><w:color w:val="000000"/><w:kern w:val="0"/><w:sz w:val="24"/><w:sz-cs w:val="24"/></w:rPr><w:t>　</w:t></w:r></w:p></w:tc></w:tr><w:tr wsp:rsidR="00000000"><w:trPr><w:trHeight w:val="375"/><w:jc w:val="center"/></w:trPr><w:tc><w:tcPr><w:tcW w:w="2320" w:type="dxa"/><w:vmerge/><w:tcBorders><w:top w:val="nil"/><w:left w:val="single" w:sz="8" wx:bdrwidth="20" w:space="0" w:color="auto"/><w:bottom w:val="single" w:sz="8" wx:bdrwidth="20" w:space="0" w:color="000000"/><w:right w:val="single" w:sz="8" wx:bdrwidth="20" w:space="0" w:color="auto"/></w:tcBorders><w:vAlign w:val="center"/></w:tcPr><w:p wsp:rsidR="00000000" wsp:rsidRDefault="0019117C"><w:pPr><w:widowControl/><w:jc w:val="left"/><w:rPr><w:rFonts w:ascii="宋体" w:h-ansi="宋体" w:cs="宋体"/><wx:font wx:val="宋体"/><w:color w:val="000000"/><w:kern w:val="0"/><w:sz w:val="24"/><w:sz-cs w:val="24"/></w:rPr></w:pPr></w:p></w:tc><w:tc><w:tcPr><w:tcW w:w="2860" w:type="dxa"/><w:vmerge/><w:tcBorders><w:top w:val="nil"/><w:left w:val="single" w:sz="8" wx:bdrwidth="20" w:space="0" w:color="auto"/><w:bottom w:val="single" w:sz="8" wx:bdrwidth="20" w:space="0" w:color="000000"/><w:right w:val="nil"/></w:tcBorders><w:vAlign w:val="center"/></w:tcPr><w:p wsp:rsidR="00000000" wsp:rsidRDefault="0019117C"><w:pPr><w:widowControl/><w:jc w:val="left"/><w:rPr><w:rFonts w:ascii="宋体" w:h-ansi="宋体" w:cs="宋体"/><wx:font wx:val="宋体"/><w:color w:val="000000"/><w:kern w:val="0"/><w:sz w:val="24"/><w:sz-cs w:val="24"/></w:rPr></w:pPr></w:p></w:tc><w:tc><w:tcPr><w:tcW w:w="2380" w:type="dxa"/><w:vmerge/><w:tcBorders><w:top w:val="nil"/><w:left w:val="single" w:sz="8" wx:bdrwidth="20" w:space="0" w:color="auto"/><w:bottom w:val="single" w:sz="8" wx:bdrwidth="20" w:space="0" w:color="000000"/><w:right w:val="nil"/></w:tcBorders><w:vAlign w:val="center"/></w:tcPr><w:p wsp:rsidR="00000000" wsp:rsidRDefault="0019117C"><w:pPr><w:widowControl/><w:jc w:val="left"/><w:rPr><w:rFonts w:ascii="Times New Roman" w:h-ansi="Times New Roman"/><wx:font wx:val="Times New Roman"/><w:color w:val="000000"/><w:kern w:val="0"/><w:sz w:val="24"/><w:sz-cs w:val="24"/></w:rPr></w:pPr></w:p></w:tc><w:tc><w:tcPr><w:tcW w:w="2820" w:type="dxa"/><w:vmerge/><w:tcBorders><w:top w:val="nil"/><w:left w:val="single" w:sz="8" wx:bdrwidth="20" w:space="0" w:color="auto"/><w:bottom w:val="single" w:sz="8" wx:bdrwidth="20" w:space="0" w:color="000000"/><w:right w:val="single" w:sz="8" wx:bdrwidth="20" w:space="0" w:color="auto"/></w:tcBorders><w:vAlign w:val="center"/></w:tcPr><w:p wsp:rsidR="00000000" wsp:rsidRDefault="0019117C"><w:pPr><w:widowControl/><w:jc w:val="left"/><w:rPr><w:rFonts w:ascii="宋体" w:h-ansi="宋体" w:cs="宋体"/><wx:font wx:val="宋体"/><w:color w:val="000000"/><w:kern w:val="0"/><w:sz w:val="24"/><w:sz-cs w:val="24"/></w:rPr></w:pPr></w:p></w:tc></w:tr><w:tr wsp:rsidR="00000000" wsp:rsidTr="006A7F4B"><w:trPr><w:trHeight w:val="1515"/><w:jc w:val="center"/></w:trPr><w:tc><w:tcPr><w:tcW w:w="2320" w:type="dxa"/><w:vmerge/><w:tcBorders><w:top w:val="nil"/><w:left w:val="single" w:sz="8" wx:bdrwidth="20" w:space="0" w:color="auto"/><w:bottom w:val="single" w:sz="8" wx:bdrwidth="20" w:space="0" w:color="000000"/><w:right w:val="single" w:sz="8" wx:bdrwidth="20" w:space="0" w:color="auto"/></w:tcBorders><w:vAlign w:val="center"/></w:tcPr><w:p wsp:rsidR="00000000" wsp:rsidRDefault="0019117C"><w:pPr><w:widowControl/><w:jc w:val="left"/><w:rPr><w:rFonts w:ascii="宋体" w:h-ansi="宋体" w:cs="宋体"/><wx:font wx:val="宋体"/><w:color w:val="000000"/><w:kern w:val="0"/><w:sz w:val="24"/><w:sz-cs w:val="24"/></w:rPr></w:pPr></w:p></w:tc><w:tc><w:tcPr><w:tcW w:w="2860" w:type="dxa"/><w:vmerge/><w:tcBorders><w:top w:val="nil"/><w:left w:val="single" w:sz="8" wx:bdrwidth="20" w:space="0" w:color="auto"/><w:bottom w:val="single" w:sz="8" wx:bdrwidth="20" w:space="0" w:color="000000"/><w:right w:val="nil"/></w:tcBorders><w:vAlign w:val="center"/></w:tcPr><w:p wsp:rsidR="00000000" wsp:rsidRDefault="0019117C"><w:pPr><w:widowControl/><w:jc w:val="left"/><w:rPr><w:rFonts w:ascii="宋体" w:h-ansi="宋体" w:cs="宋体"/><wx:font wx:val="宋体"/><w:color w:val="000000"/><w:kern w:val="0"/><w:sz w:val="24"/><w:sz-cs w:val="24"/></w:rPr></w:pPr></w:p></w:tc><w:tc><w:tcPr><w:tcW w:w="2380" w:type="dxa"/><w:vmerge/><w:tcBorders><w:top w:val="nil"/><w:left w:val="single" w:sz="8" wx:bdrwidth="20" w:space="0" w:color="auto"/><w:bottom w:val="single" w:sz="8" wx:bdrwidth="20" w:space="0" w:color="000000"/><w:right w:val="nil"/></w:tcBorders><w:vAlign w:val="center"/></w:tcPr><w:p wsp:rsidR="00000000" wsp:rsidRDefault="0019117C"><w:pPr><w:widowControl/><w:jc w:val="left"/><w:rPr><w:rFonts w:ascii="Times New Roman" w:h-ansi="Times New Roman"/><wx:font wx:val="Times New Roman"/><w:color w:val="000000"/><w:kern w:val="0"/><w:sz w:val="24"/><w:sz-cs w:val="24"/></w:rPr></w:pPr></w:p></w:tc><w:tc><w:tcPr><w:tcW w:w="2820" w:type="dxa"/><w:vmerge/><w:tcBorders><w:top w:val="nil"/><w:left w:val="single" w:sz="8" wx:bdrwidth="20" w:space="0" w:color="auto"/><w:bottom w:val="single" w:sz="8" wx:bdrwidth="20" w:space="0" w:color="000000"/><w:right w:val="single" w:sz="8" wx:bdrwidth="20" w:space="0" w:color="auto"/></w:tcBorders><w:vAlign w:val="center"/></w:tcPr><w:p wsp:rsidR="00000000" wsp:rsidRDefault="0019117C"><w:pPr><w:widowControl/><w:jc w:val="left"/><w:rPr><w:rFonts w:ascii="宋体" w:h-ansi="宋体" w:cs="宋体"/><wx:font wx:val="宋体"/><w:color w:val="000000"/><w:kern w:val="0"/><w:sz w:val="24"/><w:sz-cs w:val="24"/></w:rPr></w:pPr></w:p></w:tc></w:tr><w:tr wsp:rsidR="00000000" wsp:rsidTr="006A7F4B"><w:trPr><w:trHeight w:val="390"/><w:jc w:val="center"/></w:trPr><w:tc><w:tcPr><w:tcW w:w="2320" w:type="dxa"/><w:tcBorders><w:top w:val="nil"/><w:left w:val="single" w:sz="8" wx:bdrwidth="20" w:space="0" w:color="auto"/><w:bottom w:val="single" w:sz="8" wx:bdrwidth="20" w:space="0" w:color="auto"/><w:right w:val="single" w:sz="8" wx:bdrwidth="20" w:space="0" w:color="auto"/></w:tcBorders><w:vAlign w:val="center"/></w:tcPr><w:p wsp:rsidR="00000000" wsp:rsidRDefault="0019117C"><w:pPr><w:widowControl/><w:rPr><w:rFonts w:ascii="Times New Roman" w:h-ansi="Times New Roman"/><wx:font wx:val="Times New Roman"/><w:color w:val="000000"/><w:kern w:val="0"/><w:sz w:val="24"/><w:sz-cs w:val="24"/></w:rPr></w:pPr><w:r><w:rPr><w:rFonts w:ascii="宋体" w:h-ansi="宋体" w:hint="fareast"/><wx:font wx:val="宋体"/><w:color w:val="000000"/><w:kern w:val="0"/><w:sz w:val="24"/><w:sz-cs w:val="24"/></w:rPr><w:t>审批人：</w:t></w:r></w:p></w:tc><w:tc><w:tcPr><w:tcW w:w="2860" w:type="dxa"/><w:tcBorders><w:top w:val="single" w:sz="8" wx:bdrwidth="20" w:space="0" w:color="000000"/><w:left w:val="nil"/><w:bottom w:val="single" w:sz="8" wx:bdrwidth="20" w:space="0" w:color="auto"/><w:right w:val="single" w:sz="8" wx:bdrwidth="20" w:space="0" w:color="auto"/></w:tcBorders><w:vAlign w:val="center"/></w:tcPr><w:p wsp:rsidR="00000000" wsp:rsidRDefault="0019117C"><w:pPr><w:widowControl/><w:rPr><w:rFonts w:ascii="宋体" w:h-ansi="宋体" w:cs="宋体" w:hint="fareast"/><wx:font wx:val="宋体"/><w:color w:val="000000"/><w:kern w:val="0"/><w:sz w:val="24"/><w:sz-cs w:val="24"/></w:rPr></w:pPr><w:r><w:rPr><w:rFonts w:ascii="宋体" w:h-ansi="宋体" w:cs="宋体" w:hint="fareast"/><wx:font wx:val="宋体"/><w:color w:val="000000"/><w:kern w:val="0"/><w:sz w:val="24"/><w:sz-cs w:val="24"/></w:rPr><w:pict><w:binData w:name="wordml://03000003.png" xml:space="preserve">${checkLogo}
</w:binData><v:shape id="图片 6" o:spid="_x0000_i1026" type="#_x0000_t75" style="width:123.75pt;height:27.75pt"><v:imagedata src="wordml://03000003.png" o:title="orgLogo"/></v:shape></w:pict></w:r></w:p></w:tc><w:tc><w:tcPr><w:tcW w:w="2380" w:type="dxa"/><w:tcBorders><w:top w:val="single" w:sz="8" wx:bdrwidth="20" w:space="0" w:color="000000"/><w:left w:val="single" w:sz="8" wx:bdrwidth="20" w:space="0" w:color="auto"/><w:bottom w:val="single" w:sz="8" wx:bdrwidth="20" w:space="0" w:color="auto"/><w:right w:val="single" w:sz="8" wx:bdrwidth="20" w:space="0" w:color="auto"/></w:tcBorders><w:vAlign w:val="center"/></w:tcPr><w:p wsp:rsidR="00000000" wsp:rsidRDefault="0019117C"><w:pPr><w:widowControl/><w:rPr><w:rFonts w:ascii="Times New Roman" w:h-ansi="Times New Roman"/><wx:font wx:val="Times New Roman"/><w:color w:val="000000"/><w:kern w:val="0"/><w:sz w:val="24"/><w:sz-cs w:val="24"/></w:rPr></w:pPr><w:r><w:rPr><w:rFonts w:ascii="Times New Roman" w:h-ansi="Times New Roman"/><wx:font wx:val="Times New Roman"/><w:color w:val="000000"/><w:kern w:val="0"/><w:sz w:val="24"/><w:sz-cs w:val="24"/></w:rPr><w:t> </w:t></w:r><w:r><w:rPr><w:rFonts w:ascii="宋体" w:h-ansi="宋体" w:hint="fareast"/><wx:font wx:val="宋体"/><w:color w:val="000000"/><w:kern w:val="0"/><w:sz w:val="24"/><w:sz-cs w:val="24"/></w:rPr><w:t>审批人：</w:t></w:r></w:p></w:tc><w:tc><w:tcPr><w:tcW w:w="2820" w:type="dxa"/><w:tcBorders><w:top w:val="nil"/><w:left w:val="single" w:sz="8" wx:bdrwidth="20" w:space="0" w:color="auto"/><w:bottom w:val="single" w:sz="8" wx:bdrwidth="20" w:space="0" w:color="auto"/><w:right w:val="single" w:sz="8" wx:bdrwidth="20" w:space="0" w:color="auto"/></w:tcBorders><w:vAlign w:val="center"/></w:tcPr><w:p wsp:rsidR="00000000" wsp:rsidRDefault="0019117C"><w:pPr><w:widowControl/><w:rPr><w:rFonts w:ascii="宋体" w:h-ansi="宋体" w:cs="宋体"/><wx:font wx:val="宋体"/><w:color w:val="000000"/><w:kern w:val="0"/><w:sz w:val="24"/><w:sz-cs w:val="24"/></w:rPr></w:pPr><w:r><w:rPr><w:rFonts w:ascii="宋体" w:h-ansi="宋体" w:cs="宋体" w:hint="fareast"/><wx:font wx:val="宋体"/><w:color w:val="000000"/><w:kern w:val="0"/><w:sz w:val="24"/><w:sz-cs w:val="24"/></w:rPr><w:t>　</w:t></w:r><w:r><w:rPr><w:rFonts w:ascii="宋体" w:h-ansi="宋体" w:cs="宋体" w:hint="fareast"/><wx:font wx:val="宋体"/><w:color w:val="000000"/><w:kern w:val="0"/><w:sz w:val="24"/><w:sz-cs w:val="24"/></w:rPr><w:t>${checkBy}</w:t></w:r></w:p></w:tc></w:tr><w:tr wsp:rsidR="00000000" wsp:rsidTr="006A7F4B"><w:trPr><w:trHeight w:val="390"/><w:jc w:val="center"/></w:trPr><w:tc><w:tcPr><w:tcW w:w="2320" w:type="dxa"/><w:tcBorders><w:top w:val="nil"/><w:left w:val="single" w:sz="8" wx:bdrwidth="20" w:space="0" w:color="auto"/><w:bottom w:val="single" w:sz="8" wx:bdrwidth="20" w:space="0" w:color="auto"/><w:right w:val="single" w:sz="8" wx:bdrwidth="20" w:space="0" w:color="auto"/></w:tcBorders><w:vAlign w:val="center"/></w:tcPr><w:p wsp:rsidR="00000000" wsp:rsidRDefault="0019117C"><w:pPr><w:widowControl/><w:rPr><w:rFonts w:ascii="宋体" w:h-ansi="宋体" w:cs="宋体"/><wx:font wx:val="宋体"/><w:color w:val="000000"/><w:kern w:val="0"/><w:sz w:val="24"/><w:sz-cs w:val="24"/></w:rPr></w:pPr><w:r><w:rPr><w:rFonts w:ascii="宋体" w:h-ansi="宋体" w:cs="宋体" w:hint="fareast"/><wx:font wx:val="宋体"/><w:color w:val="000000"/><w:kern w:val="0"/><w:sz w:val="24"/><w:sz-cs w:val="24"/></w:rPr><w:t>经办人：</w:t></w:r></w:p></w:tc><w:tc><w:tcPr><w:tcW w:w="2860" w:type="dxa"/><w:tcBorders><w:top w:val="single" w:sz="8" wx:bdrwidth="20" w:space="0" w:color="auto"/><w:left w:val="nil"/><w:bottom w:val="single" w:sz="8" wx:bdrwidth="20" w:space="0" w:color="auto"/><w:right w:val="single" w:sz="8" wx:bdrwidth="20" w:space="0" w:color="auto"/></w:tcBorders><w:vAlign w:val="center"/></w:tcPr><w:p wsp:rsidR="00000000" wsp:rsidRDefault="0019117C"><w:pPr><w:widowControl/><w:rPr><w:rFonts w:ascii="宋体" w:h-ansi="宋体" w:cs="宋体" w:hint="fareast"/><wx:font wx:val="宋体"/><w:color w:val="000000"/><w:kern w:val="0"/><w:sz w:val="24"/><w:sz-cs w:val="24"/></w:rPr></w:pPr><w:r><w:rPr><w:rFonts w:ascii="宋体" w:h-ansi="宋体" w:cs="宋体" w:hint="fareast"/><wx:font wx:val="宋体"/><w:color w:val="000000"/><w:kern w:val="0"/><w:sz w:val="24"/><w:sz-cs w:val="24"/></w:rPr><w:pict><w:binData w:name="wordml://03000004.png" xml:space="preserve">${reviewLogo}
</w:binData><v:shape id="图片 7" o:spid="_x0000_i1027" type="#_x0000_t75" style="width:125.25pt;height:28.5pt"><v:imagedata src="wordml://03000004.png" o:title="operLogo"/></v:shape></w:pict></w:r></w:p></w:tc><w:tc><w:tcPr><w:tcW w:w="2380" w:type="dxa"/><w:tcBorders><w:top w:val="single" w:sz="8" wx:bdrwidth="20" w:space="0" w:color="auto"/><w:left w:val="single" w:sz="8" wx:bdrwidth="20" w:space="0" w:color="auto"/><w:bottom w:val="single" w:sz="8" wx:bdrwidth="20" w:space="0" w:color="auto"/><w:right w:val="single" w:sz="8" wx:bdrwidth="20" w:space="0" w:color="auto"/></w:tcBorders><w:vAlign w:val="center"/></w:tcPr><w:p wsp:rsidR="00000000" wsp:rsidRDefault="0019117C"><w:pPr><w:widowControl/><w:rPr><w:rFonts w:ascii="宋体" w:h-ansi="宋体" w:cs="宋体"/><wx:font wx:val="宋体"/><w:color w:val="000000"/><w:kern w:val="0"/><w:sz w:val="24"/><w:sz-cs w:val="24"/></w:rPr></w:pPr><w:r><w:rPr><w:rFonts w:ascii="宋体" w:h-ansi="宋体" w:cs="宋体" w:hint="fareast"/><wx:font wx:val="宋体"/><w:color w:val="000000"/><w:kern w:val="0"/><w:sz w:val="24"/><w:sz-cs w:val="24"/></w:rPr><w:t> </w:t></w:r><w:r><w:rPr><w:rFonts w:ascii="宋体" w:h-ansi="宋体" w:cs="宋体" w:hint="fareast"/><wx:font wx:val="宋体"/><w:color w:val="000000"/><w:kern w:val="0"/><w:sz w:val="24"/><w:sz-cs w:val="24"/></w:rPr><w:t>经办人：</w:t></w:r></w:p></w:tc><w:tc><w:tcPr><w:tcW w:w="2820" w:type="dxa"/><w:tcBorders><w:top w:val="nil"/><w:left w:val="single" w:sz="8" wx:bdrwidth="20" w:space="0" w:color="auto"/><w:bottom w:val="single" w:sz="8" wx:bdrwidth="20" w:space="0" w:color="auto"/><w:right w:val="single" w:sz="8" wx:bdrwidth="20" w:space="0" w:color="auto"/></w:tcBorders><w:vAlign w:val="center"/></w:tcPr><w:p wsp:rsidR="00000000" wsp:rsidRDefault="0019117C"><w:pPr><w:widowControl/><w:rPr><w:rFonts w:ascii="宋体" w:h-ansi="宋体" w:cs="宋体"/><wx:font wx:val="宋体"/><w:color w:val="000000"/><w:kern w:val="0"/><w:sz w:val="24"/><w:sz-cs w:val="24"/></w:rPr></w:pPr><w:r><w:rPr><w:rFonts w:ascii="宋体" w:h-ansi="宋体" w:cs="宋体" w:hint="fareast"/><wx:font wx:val="宋体"/><w:color w:val="000000"/><w:kern w:val="0"/><w:sz w:val="24"/><w:sz-cs w:val="24"/></w:rPr><w:t>　</w:t></w:r><w:r><w:rPr><w:rFonts w:ascii="宋体" w:h-ansi="宋体" w:cs="宋体" w:hint="fareast"/><wx:font wx:val="宋体"/><w:color w:val="000000"/><w:kern w:val="0"/><w:sz w:val="24"/><w:sz-cs w:val="24"/></w:rPr><w:t>${createBy}</w:t></w:r></w:p></w:tc></w:tr><w:tr wsp:rsidR="00000000" wsp:rsidTr="006A7F4B"><w:trPr><w:trHeight w:val="390"/><w:jc w:val="center"/></w:trPr><w:tc><w:tcPr><w:tcW w:w="2320" w:type="dxa"/><w:tcBorders><w:top w:val="nil"/><w:left w:val="single" w:sz="8" wx:bdrwidth="20" w:space="0" w:color="auto"/><w:bottom w:val="single" w:sz="8" wx:bdrwidth="20" w:space="0" w:color="auto"/><w:right w:val="single" w:sz="8" wx:bdrwidth="20" w:space="0" w:color="auto"/></w:tcBorders><w:vAlign w:val="center"/></w:tcPr><w:p wsp:rsidR="00000000" wsp:rsidRDefault="0019117C"><w:pPr><w:widowControl/><w:rPr><w:rFonts w:ascii="Times New Roman" w:h-ansi="Times New Roman"/><wx:font wx:val="Times New Roman"/><w:color w:val="000000"/><w:kern w:val="0"/><w:sz w:val="24"/><w:sz-cs w:val="24"/></w:rPr></w:pPr><w:r><w:rPr><w:rFonts w:ascii="宋体" w:h-ansi="宋体" w:hint="fareast"/><wx:font wx:val="宋体"/><w:color w:val="000000"/><w:kern w:val="0"/><w:sz w:val="24"/><w:sz-cs w:val="24"/></w:rPr><w:t>复核人：</w:t></w:r></w:p></w:tc><w:tc><w:tcPr><w:tcW w:w="2860" w:type="dxa"/><w:tcBorders><w:top w:val="single" w:sz="8" wx:bdrwidth="20" w:space="0" w:color="auto"/><w:left w:val="nil"/><w:bottom w:val="single" w:sz="8" wx:bdrwidth="20" w:space="0" w:color="auto"/><w:right w:val="single" w:sz="8" wx:bdrwidth="20" w:space="0" w:color="auto"/></w:tcBorders><w:vAlign w:val="center"/></w:tcPr><w:p wsp:rsidR="00000000" wsp:rsidRDefault="006A7F4B"><w:pPr><w:widowControl/><w:rPr><w:rFonts w:ascii="宋体" w:h-ansi="宋体" w:cs="宋体" w:hint="fareast"/><wx:font wx:val="宋体"/><w:color w:val="000000"/><w:kern w:val="0"/><w:sz w:val="24"/><w:sz-cs w:val="24"/></w:rPr></w:pPr><w:r><w:rPr><w:rFonts w:ascii="宋体" w:h-ansi="宋体" w:cs="宋体" w:hint="fareast"/><wx:font wx:val="宋体"/><w:color w:val="000000"/><w:kern w:val="0"/><w:sz w:val="24"/><w:sz-cs w:val="24"/></w:rPr><w:pict><w:binData w:name="wordml://01000005.gif" xml:space="preserve">${createLogo}
</w:binData><v:shape id="图片 8" o:spid="_x0000_i1028" type="#_x0000_t75" style="width:123pt;height:27pt"><v:imagedata src="wordml://01000005.gif" o:title="CCB_logo"/></v:shape></w:pict></w:r></w:p></w:tc><w:tc><w:tcPr><w:tcW w:w="2380" w:type="dxa"/><w:tcBorders><w:top w:val="single" w:sz="8" wx:bdrwidth="20" w:space="0" w:color="auto"/><w:left w:val="single" w:sz="8" wx:bdrwidth="20" w:space="0" w:color="auto"/><w:bottom w:val="single" w:sz="8" wx:bdrwidth="20" w:space="0" w:color="auto"/><w:right w:val="single" w:sz="8" wx:bdrwidth="20" w:space="0" w:color="auto"/></w:tcBorders><w:vAlign w:val="center"/></w:tcPr><w:p wsp:rsidR="00000000" wsp:rsidRDefault="0019117C"><w:pPr><w:widowControl/><w:rPr><w:rFonts w:ascii="Times New Roman" w:h-ansi="Times New Roman"/><wx:font wx:val="Times New Roman"/><w:color w:val="000000"/><w:kern w:val="0"/><w:sz w:val="24"/><w:sz-cs w:val="24"/></w:rPr></w:pPr><w:r><w:rPr><w:rFonts w:ascii="Times New Roman" w:h-ansi="Times New Roman"/><wx:font wx:val="Times New Roman"/><w:color w:val="000000"/><w:kern w:val="0"/><w:sz w:val="24"/><w:sz-cs w:val="24"/></w:rPr><w:t> </w:t></w:r><w:r><w:rPr><w:rFonts w:ascii="宋体" w:h-ansi="宋体" w:hint="fareast"/><wx:font wx:val="宋体"/><w:color w:val="000000"/><w:kern w:val="0"/><w:sz w:val="24"/><w:sz-cs w:val="24"/></w:rPr><w:t>复核人：</w:t></w:r></w:p></w:tc><w:tc><w:tcPr><w:tcW w:w="2820" w:type="dxa"/><w:tcBorders><w:top w:val="nil"/><w:left w:val="single" w:sz="8" wx:bdrwidth="20" w:space="0" w:color="auto"/><w:bottom w:val="single" w:sz="8" wx:bdrwidth="20" w:space="0" w:color="auto"/><w:right w:val="single" w:sz="8" wx:bdrwidth="20" w:space="0" w:color="auto"/></w:tcBorders><w:vAlign w:val="center"/></w:tcPr><w:p wsp:rsidR="00000000" wsp:rsidRDefault="0019117C"><w:pPr><w:widowControl/><w:rPr><w:rFonts w:ascii="宋体" w:h-ansi="宋体" w:cs="宋体"/><wx:font wx:val="宋体"/><w:color w:val="000000"/><w:kern w:val="0"/><w:sz w:val="24"/><w:sz-cs w:val="24"/></w:rPr></w:pPr><w:r><w:rPr><w:rFonts w:ascii="宋体" w:h-ansi="宋体" w:cs="宋体" w:hint="fareast"/><wx:font wx:val="宋体"/><w:color w:val="000000"/><w:kern w:val="0"/><w:sz w:val="24"/><w:sz-cs w:val="24"/></w:rPr><w:t>　</w:t></w:r><w:r><w:rPr><w:rFonts w:ascii="宋体" w:h-ansi="宋体" w:cs="宋体" w:hint="fareast"/><wx:font wx:val="宋体"/><w:color w:val="000000"/><w:kern w:val="0"/><w:sz w:val="24"/><w:sz-cs w:val="24"/></w:rPr><w:t>${updateBy}</w:t></w:r></w:p></w:tc></w:tr></w:tbl><w:p wsp:rsidR="0019117C" wsp:rsidRDefault="0019117C"/><w:sectPr wsp:rsidR="0019117C"><w:pgSz w:w="11906" w:h="16838"/><w:pgMar w:top="1440" w:right="1800" w:bottom="1440" w:left="1800" w:header="851" w:footer="992" w:gutter="0"/><w:cols w:space="720"/><w:docGrid w:type="lines" w:line-pitch="312"/></w:sectPr></w:body></w:wordDocument>